[11:18:01] INFO: ======================================
[11:18:01] INFO:  Smart Follower Shopping Cart 
[11:18:01] INFO: ======================================
[11:18:01] INFO: Model : /home/mts/smart_cart/models/yolov8n.onnx
[11:18:01] INFO: Initialization successful.
[11:21:02] INFO: Hardware test
[11:21:02] WARNING: Arduino unavailable: [Errno 2] could not open port /dev/ttyACM0: [Errno 2] No such file or directory: '/dev/ttyACM0'
[11:21:02] INFO: Camera started (640x480)
[11:21:02] INFO: Press CTRL+C to exit.
[11:21:03] INFO: Frame received (640x480)
[11:21:04] INFO: Frame received (640x480)
[11:21:05] INFO: Frame received (640x480)
[11:21:06] INFO: Frame received (640x480)
[11:21:07] INFO: Frame received (640x480)
[11:21:08] INFO: Frame received (640x480)
[11:21:08] INFO: Attempting Arduino reconnect...
[11:21:08] WARNING: Arduino unavailable: [Errno 2] could not open port /dev/ttyACM0: [Errno 2] No such file or directory: '/dev/ttyACM0'
[11:21:09] INFO: Frame received (640x480)
[11:21:10] INFO: Frame received (640x480)
[11:21:11] INFO: Frame received (640x480)
[11:21:12] INFO: Frame received (640x480)
[11:21:13] INFO: Frame received (640x480)
[11:21:13] INFO: Attempting Arduino reconnect...
[11:21:13] WARNING: Arduino unavailable: [Errno 2] could not open port /dev/ttyACM0: [Errno 2] No such file or directory: '/dev/ttyACM0'
[11:21:14] INFO: Frame received (640x480)
[11:21:15] INFO: Frame received (640x480)
[11:21:16] INFO: Frame received (640x480)
[11:21:17] INFO: Frame received (640x480)
[11:21:18] INFO: Frame received (640x480)
[11:21:18] INFO: Attempting Arduino reconnect...
[11:21:18] WARNING: Arduino unavailable: [Errno 2] could not open port /dev/ttyACM0: [Errno 2] No such file or directory: '/dev/ttyACM0'
[11:21:19] INFO: Frame received (640x480)
[11:21:20] INFO: Frame received (640x480)
[11:21:21] INFO: Frame received (640x480)
[11:21:22] INFO: Frame received (640x480)
[11:21:23] INFO: Frame received (640x480)
[11:21:23] INFO: Attempting Arduino reconnect...
[11:21:23] WARNING: Arduino unavailable: [Errno 2] could not open port /dev/ttyACM0: [Errno 2] No such file or directory: '/dev/ttyACM0'
[11:21:24] INFO: Frame received (640x480)
[11:21:25] INFO: Frame received (640x480)
[11:21:26] INFO: Frame received (640x480)
[11:21:27] INFO: Frame received (640x480)
[11:21:28] INFO: Frame received (640x480)
[11:21:28] INFO: Attempting Arduino reconnect...
[11:21:28] WARNING: Arduino unavailable: [Errno 2] could not open port /dev/ttyACM0: [Errno 2] No such file or directory: '/dev/ttyACM0'
[11:21:29] INFO: Frame received (640x480)
[11:21:30] INFO: Frame received (640x480)
[11:21:31] INFO: Frame received (640x480)
[11:21:32] INFO: Frame received (640x480)
[11:21:33] INFO: Frame received (640x480)
[11:21:33] INFO: Attempting Arduino reconnect...
[11:21:33] WARNING: Arduino unavailable: [Errno 2] could not open port /dev/ttyACM0: [Errno 2] No such file or directory: '/dev/ttyACM0'
[11:21:34] INFO: Frame received (640x480)
[11:21:35] INFO: Frame received (640x480)
[11:21:36] INFO: Frame received (640x480)
[11:21:37] INFO: Frame received (640x480)
[11:21:38] INFO: Frame received (640x480)
[11:21:38] INFO: Attempting Arduino reconnect...
[11:21:38] WARNING: Arduino unavailable: [Errno 2] could not open port /dev/ttyACM0: [Errno 2] No such file or directory: '/dev/ttyACM0'
[11:21:39] INFO: Stopping...
[11:21:39] INFO: Camera stopped
[11:29:11] INFO: YOLO model loaded.
[11:29:11] INFO: Camera started (640x480)
[11:29:11] INFO: Starting detector test...
[11:29:12] INFO: Camera stopped
[11:38:48] INFO: Loading ONNX model...
[11:38:48] INFO: Model loaded.
[11:38:48] INFO: Inputs:
[11:38:48] INFO: images  [1, 3, 640, 640]  tensor(float)
[11:38:48] INFO: Outputs:
[11:38:48] INFO: output0  [1, 84, 8400]  tensor(float)
[11:38:48] INFO: Camera started (640x480)
[11:38:49] INFO: Camera stopped
[11:38:49] INFO: Frame shape: (480, 640, 3)
[11:38:50] INFO: Number of outputs: 1
[11:38:50] INFO: Output 0: shape=(1, 84, 8400)
[11:40:01] INFO: Loading ONNX model...
[11:40:01] INFO: Model loaded.
[11:40:01] INFO: Inputs:
[11:40:01] INFO: images  [1, 3, 640, 640]  tensor(float)
[11:40:01] INFO: Outputs:
[11:40:01] INFO: output0  [1, 84, 8400]  tensor(float)
[11:40:01] INFO: Camera started (640x480)
[11:40:02] INFO: Camera stopped
[11:40:02] INFO: Frame shape: (480, 640, 3)
[11:40:02] INFO: Number of outputs: 1
[11:40:02] INFO: Output 0: shape=(1, 84, 8400)
[11:44:36] INFO: YOLO initialized (640x640)
[11:44:36] INFO: Camera started (640x480)
[11:44:37] INFO: Output shape : (1, 84, 8400)
[11:44:37] INFO: Scale        : 1.0000
[11:44:37] INFO: Padding      : (0, 80)
[11:44:37] INFO: Frame size   : 640 x 480
[11:44:37] INFO: Camera stopped
[11:47:46] INFO: YOLO initialized (640x640)
[11:47:47] INFO: Camera started (640x480)
[11:47:47] INFO: Starting detector...
[11:47:48] INFO: Detected: 0
[11:47:49] INFO: Detected: 1
[11:47:49] INFO: Person 0.46 (128,1,505,467)
[11:47:50] INFO: Detected: 0
[11:47:51] INFO: Detected: 0
[11:47:52] INFO: Detected: 0
[11:47:53] INFO: Detected: 1
[11:47:53] INFO: Person 0.45 (135,1,490,468)
[11:47:54] INFO: Detected: 0
[11:47:54] INFO: Detected: 1
[11:47:54] INFO: Person 0.58 (18,2,585,466)
[11:47:55] INFO: Detected: 0
[11:47:56] INFO: Detected: 1
[11:47:56] INFO: Person 0.77 (3,2,477,468)
[11:47:57] INFO: Detected: 1
[11:47:57] INFO: Person 0.78 (3,2,468,469)
[11:47:58] INFO: Detected: 1
[11:47:58] INFO: Person 0.68 (13,2,468,468)
[11:47:59] INFO: Detected: 1
[11:47:59] INFO: Person 0.69 (15,2,466,465)
[11:48:00] INFO: Detected: 1
[11:48:00] INFO: Person 0.76 (19,2,487,470)
[11:48:01] INFO: Detected: 0
[11:48:02] INFO: Detected: 1
[11:48:02] INFO: Person 0.63 (3,0,622,473)
[11:48:02] INFO: Detected: 1
[11:48:02] INFO: Person 0.64 (12,2,428,469)
[11:48:03] INFO: Detected: 1
[11:48:03] INFO: Person 0.60 (26,1,429,468)
[11:48:04] INFO: Detected: 1
[11:48:04] INFO: Person 0.52 (12,2,435,467)
[11:48:05] INFO: Detected: 0
[11:48:06] INFO: Detected: 0
[11:48:07] INFO: Detected: 1
[11:48:07] INFO: Person 0.61 (15,1,436,469)
[11:48:08] INFO: Detected: 1
[11:48:08] INFO: Person 0.57 (3,2,458,467)
[11:48:09] INFO: Detected: 1
[11:48:09] INFO: Person 0.70 (3,8,496,462)
[11:48:10] INFO: Detected: 0
[11:48:11] INFO: Detected: 0
[11:48:11] INFO: Camera stopped
[12:00:20] INFO: Inputs:
[12:00:20] INFO: images [1, 3, 640, 640] tensor(float)
[12:00:20] INFO: Outputs:
[12:00:20] INFO: output0 [1, 300, 6] tensor(float)
[12:05:23] INFO: YOLO detector initialized.
[12:05:23] INFO: Camera started (640x480)
[12:05:23] INFO: Detector running...
[12:05:25] INFO: People: 0
[12:05:25] INFO: People: 0
[12:05:26] INFO: People: 0
[12:05:26] INFO: People: 0
[12:05:27] INFO: People: 1
[12:05:27] INFO: 0.53 261,2,374,467
[12:05:27] INFO: People: 1
[12:05:27] INFO: 0.66 257,2,367,465
[12:05:28] INFO: People: 0
[12:05:29] INFO: People: 0
[12:05:29] INFO: People: 1
[12:05:29] INFO: 0.51 78,2,560,468
[12:05:30] INFO: People: 1
[12:05:30] INFO: 0.64 238,2,395,466
[12:05:30] INFO: People: 1
[12:05:30] INFO: 0.57 254,2,384,470
[12:05:31] INFO: People: 0
[12:05:31] INFO: People: 0
[12:05:32] INFO: People: 1
[12:05:32] INFO: 0.53 239,2,399,468
[12:05:33] INFO: People: 1
[12:05:33] INFO: 0.61 237,1,399,469
[12:05:33] INFO: People: 0
[12:05:34] INFO: People: 0
[12:05:34] INFO: People: 0
[12:05:35] INFO: People: 0
[12:05:35] INFO: People: 0
[12:05:36] INFO: People: 0
[12:05:37] INFO: People: 0
[12:05:37] INFO: People: 0
[12:05:38] INFO: People: 0
[12:05:38] INFO: People: 0
[12:05:39] INFO: People: 0
[12:05:39] INFO: People: 1
[12:05:39] INFO: 0.46 202,2,338,466
[12:05:40] INFO: People: 1
[12:05:40] INFO: 0.48 218,2,336,467
[12:05:40] INFO: People: 1
[12:05:40] INFO: 0.70 212,2,348,467
[12:05:41] INFO: People: 1
[12:05:41] INFO: 0.78 219,2,359,467
[12:05:42] INFO: People: 1
[12:05:42] INFO: 0.72 223,2,342,467
[12:05:42] INFO: People: 1
[12:05:42] INFO: 0.70 222,3,360,468
[12:05:43] INFO: People: 1
[12:05:43] INFO: 0.71 225,2,342,466
[12:05:43] INFO: People: 1
[12:05:43] INFO: 0.56 222,3,346,465
[12:05:44] INFO: People: 1
[12:05:44] INFO: 0.57 224,2,400,467
[12:05:44] INFO: People: 1
[12:05:44] INFO: 0.72 226,3,326,466
[12:05:45] INFO: People: 1
[12:05:45] INFO: 0.77 260,2,327,467
[12:05:46] INFO: People: 0
[12:05:46] INFO: People: 1
[12:05:46] INFO: 0.71 89,0,290,469
[12:05:47] INFO: People: 1
[12:05:47] INFO: 0.75 81,0,301,470
[12:05:47] INFO: People: 1
[12:05:47] INFO: 0.76 88,0,296,469
[12:05:48] INFO: People: 1
[12:05:48] INFO: 0.60 89,0,329,471
[12:05:48] INFO: People: 1
[12:05:48] INFO: 0.83 86,0,301,466
[12:05:49] INFO: People: 1
[12:05:49] INFO: 0.69 76,0,306,471
[12:05:50] INFO: People: 1
[12:05:50] INFO: 0.81 73,0,307,470
[12:05:50] INFO: People: 1
[12:05:50] INFO: 0.75 71,1,351,469
[12:05:51] INFO: People: 0
[12:05:51] INFO: People: 1
[12:05:51] INFO: 0.47 295,0,343,469
[12:05:52] INFO: People: 1
[12:05:52] INFO: 0.86 319,0,319,472
[12:05:52] INFO: People: 1
[12:05:52] INFO: 0.81 326,0,312,469
[12:05:53] INFO: People: 1
[12:05:53] INFO: 0.89 321,0,317,469
[12:05:54] INFO: People: 1
[12:05:54] INFO: 0.82 335,2,303,467
[12:05:54] INFO: People: 1
[12:05:54] INFO: 0.80 324,0,314,470
[12:05:55] INFO: People: 1
[12:05:55] INFO: 0.78 326,0,312,469
[12:05:55] INFO: People: 0
[12:05:56] INFO: People: 0
[12:05:56] INFO: People: 0
[12:05:57] INFO: People: 0
[12:05:57] INFO: People: 0
[12:05:58] INFO: People: 0
[12:05:59] INFO: People: 0
[12:05:59] INFO: People: 0
[12:06:00] INFO: People: 1
[12:06:00] INFO: 0.85 129,2,507,470
[12:06:00] INFO: People: 1
[12:06:00] INFO: 0.86 166,4,472,469
[12:06:01] INFO: People: 1
[12:06:01] INFO: 0.90 166,1,472,471
[12:06:01] INFO: People: 1
[12:06:01] INFO: 0.48 3,2,631,465
[12:06:02] INFO: Stopping
[12:06:02] INFO: Camera stopped
[12:10:32] INFO: YOLO detector initialized.
[12:10:32] INFO: Camera started (640x480)
[12:10:32] INFO: Detector running...
[12:10:33] INFO: First 5 raw detections:
[12:10:33] INFO: [195.34558   84.01604  559.76465  554.03687    0.769173   0.      ]
[12:10:33] INFO: [0. 0. 0. 0. 0. 0.]
[12:10:33] INFO: [0. 0. 0. 0. 0. 0.]
[12:10:33] INFO: [0. 0. 0. 0. 0. 0.]
[12:10:33] INFO: [0. 0. 0. 0. 0. 0.]
[12:10:33] INFO: People: 1
[12:10:33] INFO: 0.77 195,4,364,470
[12:10:34] INFO: People: 2
[12:10:34] INFO: 0.79 205,7,360,467
[12:10:34] INFO: 0.53 0,243,86,230
[12:10:35] INFO: People: 2
[12:10:35] INFO: 0.74 204,7,365,466
[12:10:35] INFO: 0.47 0,250,86,224
[12:10:35] INFO: People: 2
[12:10:35] INFO: 0.79 206,10,352,463
[12:10:35] INFO: 0.61 0,244,87,229
[12:10:36] INFO: People: 2
[12:10:36] INFO: 0.80 206,7,357,465
[12:10:36] INFO: 0.67 0,250,87,224
[12:10:36] INFO: People: 2
[12:10:36] INFO: 0.82 205,6,354,468
[12:10:36] INFO: 0.56 0,246,86,228
[12:10:37] INFO: People: 2
[12:10:37] INFO: 0.80 178,4,393,469
[12:10:37] INFO: 0.47 0,248,87,226
[12:10:38] INFO: People: 2
[12:10:38] INFO: 0.82 167,3,395,472
[12:10:38] INFO: 0.66 0,245,88,229
[12:10:38] INFO: People: 1
[12:10:38] INFO: 0.78 160,2,396,472
[12:10:39] INFO: People: 2
[12:10:39] INFO: 0.80 158,2,401,473
[12:10:39] INFO: 0.56 0,248,88,226
[12:10:39] INFO: People: 2
[12:10:39] INFO: 0.86 159,2,462,471
[12:10:39] INFO: 0.54 0,251,88,223
[12:10:40] INFO: People: 1
[12:10:40] INFO: 0.79 18,3,584,467
[12:10:40] INFO: People: 1
[12:10:40] INFO: 0.72 6,3,595,466
[12:10:41] INFO: People: 1
[12:10:41] INFO: 0.71 6,0,607,472
[12:10:42] INFO: People: 1
[12:10:42] INFO: 0.57 5,2,608,470
[12:10:42] INFO: People: 1
[12:10:42] INFO: 0.55 1,3,592,469
[12:10:43] INFO: Stopping
[12:10:43] INFO: Camera stopped
[12:16:41] ERROR: Arduino connection failed: [Errno 2] could not open port /dev/ttyACM0: [Errno 2] No such file or directory: '/dev/ttyACM0'
[12:16:42] INFO: YOLO detector initialized.
[12:16:42] INFO: Camera started (640x480)
[12:16:42] INFO: Detector running...
[12:16:43] INFO: First 5 raw detections:
[12:16:43] INFO: [100.239624   124.49475    638.57605    553.04126      0.78615916
   0.        ]
[12:16:43] INFO: [0. 0. 0. 0. 0. 0.]
[12:16:43] INFO: [0. 0. 0. 0. 0. 0.]
[12:16:43] INFO: [0. 0. 0. 0. 0. 0.]
[12:16:43] INFO: [0. 0. 0. 0. 0. 0.]
[12:16:43] INFO: People: 1
[12:16:43] INFO: Target detected -> MOVE
[12:16:43] INFO: 0.79 100,44,538,428
[12:16:43] INFO: People: 1
[12:16:43] INFO: Target detected -> MOVE
[12:16:43] INFO: 0.86 168,79,467,395
[12:16:44] INFO: People: 1
[12:16:44] INFO: Target detected -> MOVE
[12:16:44] INFO: 0.84 154,78,483,394
[12:16:45] INFO: People: 1
[12:16:45] INFO: Target detected -> MOVE
[12:16:45] INFO: 0.87 148,81,489,392
[12:16:45] INFO: People: 1
[12:16:45] INFO: Target detected -> MOVE
[12:16:45] INFO: 0.88 152,82,486,391
[12:16:46] INFO: People: 1
[12:16:46] INFO: Target detected -> MOVE
[12:16:46] INFO: 0.88 153,82,484,392
[12:16:46] INFO: People: 1
[12:16:46] INFO: Target detected -> MOVE
[12:16:46] INFO: 0.86 154,85,479,388
[12:16:47] INFO: People: 1
[12:16:47] INFO: Target detected -> MOVE
[12:16:47] INFO: 0.90 151,85,487,388
[12:16:48] INFO: People: 1
[12:16:48] INFO: Target detected -> MOVE
[12:16:48] INFO: 0.89 151,85,486,388
[12:16:48] INFO: People: 1
[12:16:48] INFO: Target detected -> MOVE
[12:16:48] INFO: 0.89 153,86,484,387
[12:16:49] INFO: People: 1
[12:16:49] INFO: Target detected -> MOVE
[12:16:49] INFO: 0.87 154,67,484,406
[12:16:49] INFO: People: 1
[12:16:49] INFO: Target detected -> MOVE
[12:16:49] INFO: 0.78 55,7,582,464
[12:16:50] INFO: People: 0
[12:16:50] INFO: No target -> STOP
[12:16:50] INFO: People: 1
[12:16:50] INFO: Target detected -> MOVE
[12:16:50] INFO: 0.46 368,0,270,470
[12:16:51] INFO: People: 0
[12:16:51] INFO: No target -> STOP
[12:16:52] INFO: People: 1
[12:16:52] INFO: Target detected -> MOVE
[12:16:52] INFO: 0.51 435,2,203,466
[12:16:52] INFO: People: 1
[12:16:52] INFO: Target detected -> MOVE
[12:16:52] INFO: 0.62 359,0,279,468
[12:16:53] INFO: People: 1
[12:16:53] INFO: Target detected -> MOVE
[12:16:53] INFO: 0.91 351,0,287,471
[12:16:53] INFO: People: 1
[12:16:53] INFO: Target detected -> MOVE
[12:16:53] INFO: 0.88 263,1,373,472
[12:16:54] INFO: People: 1
[12:16:54] INFO: Target detected -> MOVE
[12:16:54] INFO: 0.86 231,15,405,458
[12:16:54] INFO: People: 1
[12:16:54] INFO: Target detected -> MOVE
[12:16:54] INFO: 0.85 244,20,381,453
[12:16:55] INFO: People: 1
[12:16:55] INFO: Target detected -> MOVE
[12:16:55] INFO: 0.86 238,21,397,453
[12:16:56] INFO: People: 1
[12:16:56] INFO: Target detected -> MOVE
[12:16:56] INFO: 0.84 227,16,378,457
[12:16:56] INFO: People: 1
[12:16:56] INFO: Target detected -> MOVE
[12:16:56] INFO: 0.85 264,8,362,465
[12:16:57] INFO: People: 0
[12:16:57] INFO: No target -> STOP
[12:16:57] INFO: People: 0
[12:16:57] INFO: No target -> STOP
[12:16:58] INFO: People: 0
[12:16:58] INFO: No target -> STOP
[12:16:59] INFO: People: 0
[12:16:59] INFO: No target -> STOP
[12:16:59] INFO: People: 0
[12:16:59] INFO: No target -> STOP
[12:17:00] INFO: People: 0
[12:17:00] INFO: No target -> STOP
[12:17:00] INFO: People: 0
[12:17:00] INFO: No target -> STOP
[12:17:01] INFO: People: 0
[12:17:01] INFO: No target -> STOP
[12:17:02] INFO: People: 0
[12:17:02] INFO: No target -> STOP
[12:17:02] INFO: Stopping
[12:17:02] INFO: Camera stopped
[12:22:20] ERROR: Arduino connection failed: [Errno 2] could not open port /dev/ttyACM0: [Errno 2] No such file or directory: '/dev/ttyACM0'
[12:22:20] INFO: YOLO detector initialized.
[12:22:21] INFO: Camera started (640x480)
[12:22:21] INFO: Detector running...
[12:22:22] INFO: First 5 raw detections:
[12:22:22] INFO: [  6.8065796  86.09598   622.8276    552.0932      0.8763398   0.       ]
[12:22:22] INFO: [0. 0. 0. 0. 0. 0.]
[12:22:22] INFO: [0. 0. 0. 0. 0. 0.]
[12:22:22] INFO: [0. 0. 0. 0. 0. 0.]
[12:22:22] INFO: [0. 0. 0. 0. 0. 0.]
[12:22:22] INFO: People: 1
[12:22:22] INFO: Target detected -> MOVE
[12:22:22] INFO: 0.88 6,6,616,465
[12:22:22] INFO: People: 1
[12:22:22] INFO: Target detected -> MOVE
[12:22:22] INFO: 0.85 4,7,618,463
[12:22:23] INFO: People: 1
[12:22:23] INFO: Target detected -> MOVE
[12:22:23] INFO: 0.86 3,6,616,465
[12:22:23] INFO: People: 1
[12:22:23] INFO: Target detected -> MOVE
[12:22:23] INFO: 0.85 9,5,612,466
[12:22:24] INFO: People: 1
[12:22:24] INFO: Target detected -> MOVE
[12:22:24] INFO: 0.83 5,7,620,464
[12:22:25] INFO: People: 1
[12:22:25] INFO: Target detected -> MOVE
[12:22:25] INFO: 0.86 6,8,613,463
[12:22:25] INFO: People: 1
[12:22:25] INFO: Target detected -> MOVE
[12:22:25] INFO: 0.85 3,5,618,463
[12:22:26] INFO: People: 1
[12:22:26] INFO: Target detected -> MOVE
[12:22:26] INFO: 0.86 7,5,617,466
[12:22:26] INFO: People: 1
[12:22:26] INFO: Target detected -> MOVE
[12:22:26] INFO: 0.86 6,7,612,464
[12:22:27] INFO: People: 1
[12:22:27] INFO: Target detected -> MOVE
[12:22:27] INFO: 0.82 6,7,606,461
[12:22:27] INFO: People: 1
[12:22:27] INFO: Target detected -> MOVE
[12:22:27] INFO: 0.87 6,6,612,465
[12:22:28] INFO: People: 1
[12:22:28] INFO: Target detected -> MOVE
[12:22:28] INFO: 0.84 3,5,618,465
[12:22:29] INFO: People: 1
[12:22:29] INFO: Target detected -> MOVE
[12:22:29] INFO: 0.75 8,6,607,464
[12:22:29] INFO: People: 1
[12:22:29] INFO: Target detected -> MOVE
[12:22:29] INFO: 0.78 27,6,585,464
[12:22:30] INFO: People: 1
[12:22:30] INFO: Target detected -> MOVE
[12:22:30] INFO: 0.82 26,4,585,467
[12:22:30] INFO: People: 1
[12:22:30] INFO: Target detected -> MOVE
[12:22:30] INFO: 0.80 19,6,571,464
[12:22:31] INFO: People: 1
[12:22:31] INFO: Target detected -> MOVE
[12:22:31] INFO: 0.79 6,5,592,464
[12:22:31] INFO: People: 1
[12:22:31] INFO: Target detected -> MOVE
[12:22:31] INFO: 0.79 8,6,602,465
[12:22:32] INFO: People: 1
[12:22:32] INFO: Target detected -> MOVE
[12:22:32] INFO: 0.78 0,5,585,465
[12:22:33] INFO: People: 1
[12:22:33] INFO: Target detected -> MOVE
[12:22:33] INFO: 0.78 18,6,595,465
[12:22:33] INFO: People: 1
[12:22:33] INFO: Target detected -> MOVE
[12:22:33] INFO: 0.80 21,7,586,464
[12:22:34] INFO: People: 1
[12:22:34] INFO: Target detected -> MOVE
[12:22:34] INFO: 0.78 6,7,589,464
[12:22:34] INFO: People: 1
[12:22:34] INFO: Target detected -> MOVE
[12:22:34] INFO: 0.81 5,6,598,466
[12:22:35] INFO: People: 1
[12:22:35] INFO: Target detected -> MOVE
[12:22:35] INFO: 0.82 2,7,596,465
[12:22:36] INFO: People: 1
[12:22:36] INFO: Target detected -> MOVE
[12:22:36] INFO: 0.83 5,7,610,464
[12:22:36] INFO: People: 1
[12:22:36] INFO: Target detected -> MOVE
[12:22:36] INFO: 0.82 6,7,605,465
[12:22:37] INFO: People: 1
[12:22:37] INFO: Target detected -> MOVE
[12:22:37] INFO: 0.76 7,5,609,466
[12:22:37] INFO: People: 1
[12:22:37] INFO: Target detected -> MOVE
[12:22:37] INFO: 0.74 9,7,607,464
[12:22:38] INFO: People: 1
[12:22:38] INFO: Target detected -> MOVE
[12:22:38] INFO: 0.79 14,6,607,465
[12:22:38] INFO: People: 1
[12:22:38] INFO: Target detected -> MOVE
[12:22:38] INFO: 0.76 15,8,602,463
[12:22:39] INFO: People: 1
[12:22:39] INFO: Target detected -> MOVE
[12:22:39] INFO: 0.72 24,8,585,463
[12:22:40] INFO: People: 1
[12:22:40] INFO: Target detected -> MOVE
[12:22:40] INFO: 0.75 25,6,586,463
[12:22:40] INFO: People: 1
[12:22:40] INFO: Target detected -> MOVE
[12:22:40] INFO: 0.75 21,7,588,463
[12:22:41] INFO: People: 1
[12:22:41] INFO: Target detected -> MOVE
[12:22:41] INFO: 0.79 17,6,601,465
[12:22:41] INFO: People: 1
[12:22:41] INFO: Target detected -> MOVE
[12:22:41] INFO: 0.68 31,7,586,464
[12:22:42] INFO: People: 1
[12:22:42] INFO: Target detected -> MOVE
[12:22:42] INFO: 0.72 12,6,597,465
[12:22:42] INFO: People: 1
[12:22:42] INFO: Target detected -> MOVE
[12:22:42] INFO: 0.74 16,6,597,465
[12:22:43] INFO: People: 1
[12:22:43] INFO: Target detected -> MOVE
[12:22:43] INFO: 0.79 20,6,593,466
[12:22:44] INFO: People: 1
[12:22:44] INFO: Target detected -> MOVE
[12:22:44] INFO: 0.81 17,5,601,466
[12:22:44] INFO: People: 1
[12:22:44] INFO: Target detected -> MOVE
[12:22:44] INFO: 0.70 38,7,571,463
[12:22:45] INFO: People: 1
[12:22:45] INFO: Target detected -> MOVE
[12:22:45] INFO: 0.79 13,4,606,466
[12:22:45] INFO: People: 1
[12:22:45] INFO: Target detected -> MOVE
[12:22:45] INFO: 0.66 21,4,589,467
[12:22:46] INFO: People: 1
[12:22:46] INFO: Target detected -> MOVE
[12:22:46] INFO: 0.80 16,6,599,464
[12:22:46] INFO: People: 1
[12:22:46] INFO: Target detected -> MOVE
[12:22:46] INFO: 0.77 14,5,595,466
[12:22:47] INFO: People: 1
[12:22:47] INFO: Target detected -> MOVE
[12:22:47] INFO: 0.68 45,6,565,464
[12:22:48] INFO: People: 1
[12:22:48] INFO: Target detected -> MOVE
[12:22:48] INFO: 0.79 21,7,591,463
[12:22:48] INFO: People: 1
[12:22:48] INFO: Target detected -> MOVE
[12:22:48] INFO: 0.78 16,5,606,466
[12:22:49] INFO: People: 1
[12:22:49] INFO: Target detected -> MOVE
[12:22:49] INFO: 0.80 12,6,602,465
[12:22:49] INFO: People: 1
[12:22:49] INFO: Target detected -> MOVE
[12:22:49] INFO: 0.82 5,6,608,464
[12:22:50] INFO: People: 1
[12:22:50] INFO: Target detected -> MOVE
[12:22:50] INFO: 0.76 19,6,600,466
[12:22:51] INFO: People: 1
[12:22:51] INFO: Target detected -> MOVE
[12:22:51] INFO: 0.81 11,4,604,467
[12:22:51] INFO: People: 1
[12:22:51] INFO: Target detected -> MOVE
[12:22:51] INFO: 0.65 119,7,518,464
[12:22:52] INFO: People: 1
[12:22:52] INFO: Target detected -> MOVE
[12:22:52] INFO: 0.69 182,2,456,470
[12:22:52] INFO: People: 1
[12:22:52] INFO: Target detected -> MOVE
[12:22:52] INFO: 0.78 174,1,464,471
[12:22:53] INFO: People: 0
[12:22:53] INFO: No target -> STOP
[12:22:53] INFO: People: 0
[12:22:53] INFO: No target -> STOP
[12:22:54] INFO: People: 0
[12:22:54] INFO: No target -> STOP
[12:22:54] INFO: People: 0
[12:22:54] INFO: No target -> STOP
[12:22:55] INFO: People: 0
[12:22:55] INFO: No target -> STOP
[12:22:56] INFO: People: 0
[12:22:56] INFO: No target -> STOP
[12:22:56] INFO: People: 1
[12:22:56] INFO: Target detected -> MOVE
[12:22:56] INFO: 0.50 105,165,432,306
[12:22:57] INFO: People: 1
[12:22:57] INFO: Target detected -> MOVE
[12:22:57] INFO: 0.56 62,2,530,471
[12:22:57] INFO: People: 0
[12:22:57] INFO: No target -> STOP
[12:22:58] INFO: People: 1
[12:22:58] INFO: Target detected -> MOVE
[12:22:58] INFO: 0.85 4,5,633,466
[12:22:59] INFO: People: 1
[12:22:59] INFO: Target detected -> MOVE
[12:22:59] INFO: 0.90 0,3,634,468
[12:22:59] INFO: People: 1
[12:22:59] INFO: Target detected -> MOVE
[12:22:59] INFO: 0.89 1,5,636,466
[12:23:00] INFO: People: 1
[12:23:00] INFO: Target detected -> MOVE
[12:23:00] INFO: 0.89 1,8,636,462
[12:23:00] INFO: People: 1
[12:23:00] INFO: Target detected -> MOVE
[12:23:00] INFO: 0.84 1,6,634,466
[12:23:01] INFO: People: 1
[12:23:01] INFO: Target detected -> MOVE
[12:23:01] INFO: 0.82 4,5,632,466
[12:23:01] INFO: People: 1
[12:23:01] INFO: Target detected -> MOVE
[12:23:01] INFO: 0.77 6,6,628,465
[12:23:02] INFO: People: 1
[12:23:02] INFO: Target detected -> MOVE
[12:23:02] INFO: 0.75 7,3,626,467
[12:23:03] INFO: People: 1
[12:23:03] INFO: Target detected -> MOVE
[12:23:03] INFO: 0.52 2,5,632,465
[12:23:03] INFO: People: 1
[12:23:03] INFO: Target detected -> MOVE
[12:23:03] INFO: 0.50 2,5,631,465
[12:23:04] INFO: People: 1
[12:23:04] INFO: Target detected -> MOVE
[12:23:04] INFO: 0.69 3,3,630,466
[12:23:04] INFO: People: 1
[12:23:04] INFO: Target detected -> MOVE
[12:23:04] INFO: 0.56 3,5,626,465
[12:23:05] INFO: People: 1
[12:23:05] INFO: Target detected -> MOVE
[12:23:05] INFO: 0.71 1,4,612,464
[12:23:05] INFO: People: 0
[12:23:05] INFO: No target -> STOP
[12:23:06] INFO: People: 1
[12:23:06] INFO: Target detected -> MOVE
[12:23:06] INFO: 0.70 1,5,626,464
[12:23:07] INFO: People: 1
[12:23:07] INFO: Target detected -> MOVE
[12:23:07] INFO: 0.69 3,8,629,462
[12:23:07] INFO: People: 1
[12:23:07] INFO: Target detected -> MOVE
[12:23:07] INFO: 0.72 2,7,628,464
[12:23:08] INFO: People: 1
[12:23:08] INFO: Target detected -> MOVE
[12:23:08] INFO: 0.64 3,5,630,465
[12:23:08] INFO: People: 1
[12:23:08] INFO: Target detected -> MOVE
[12:23:08] INFO: 0.75 3,6,625,463
[12:23:09] INFO: People: 0
[12:23:09] INFO: No target -> STOP
[12:23:10] INFO: People: 0
[12:23:10] INFO: No target -> STOP
[12:23:10] INFO: People: 1
[12:23:10] INFO: Target detected -> MOVE
[12:23:10] INFO: 0.68 2,8,622,463
[12:23:11] INFO: People: 1
[12:23:11] INFO: Target detected -> MOVE
[12:23:11] INFO: 0.80 0,7,629,464
[12:23:11] INFO: People: 1
[12:23:11] INFO: Target detected -> MOVE
[12:23:11] INFO: 0.78 3,4,628,466
[12:23:12] INFO: People: 1
[12:23:12] INFO: Target detected -> MOVE
[12:23:12] INFO: 0.87 0,6,628,465
[12:23:12] INFO: People: 1
[12:23:12] INFO: Target detected -> MOVE
[12:23:12] INFO: 0.80 0,2,606,467
[12:23:13] INFO: People: 1
[12:23:13] INFO: Target detected -> MOVE
[12:23:13] INFO: 0.82 0,3,615,467
[12:23:14] INFO: People: 1
[12:23:14] INFO: Target detected -> MOVE
[12:23:14] INFO: 0.84 8,3,624,469
[12:23:14] INFO: People: 1
[12:23:14] INFO: Target detected -> MOVE
[12:23:14] INFO: 0.83 5,3,627,468
[12:23:15] INFO: People: 1
[12:23:15] INFO: Target detected -> MOVE
[12:23:15] INFO: 0.83 0,4,620,466
[12:23:15] INFO: People: 1
[12:23:15] INFO: Target detected -> MOVE
[12:23:15] INFO: 0.84 0,5,613,465
[12:23:16] INFO: People: 1
[12:23:16] INFO: Target detected -> MOVE
[12:23:16] INFO: 0.84 5,4,626,467
[12:23:17] INFO: People: 1
[12:23:17] INFO: Target detected -> MOVE
[12:23:17] INFO: 0.88 0,4,626,469
[12:23:17] INFO: People: 1
[12:23:17] INFO: Target detected -> MOVE
[12:23:17] INFO: 0.88 0,4,635,467
[12:23:18] INFO: People: 1
[12:23:18] INFO: Target detected -> MOVE
[12:23:18] INFO: 0.89 0,4,632,467
[12:23:18] INFO: People: 1
[12:23:18] INFO: Target detected -> MOVE
[12:23:18] INFO: 0.86 0,2,630,469
[12:23:19] INFO: People: 1
[12:23:19] INFO: Target detected -> MOVE
[12:23:19] INFO: 0.87 1,3,635,468
[12:23:20] INFO: People: 1
[12:23:20] INFO: Target detected -> MOVE
[12:23:20] INFO: 0.88 0,4,628,468
[12:23:20] INFO: People: 1
[12:23:20] INFO: Target detected -> MOVE
[12:23:20] INFO: 0.89 0,5,628,466
[12:23:21] INFO: People: 1
[12:23:21] INFO: Target detected -> MOVE
[12:23:21] INFO: 0.88 0,3,627,467
[12:23:21] INFO: People: 1
[12:23:21] INFO: Target detected -> MOVE
[12:23:21] INFO: 0.89 0,4,632,467
[12:23:22] INFO: People: 1
[12:23:22] INFO: Target detected -> MOVE
[12:23:22] INFO: 0.88 3,4,631,466
[12:23:22] INFO: People: 1
[12:23:22] INFO: Target detected -> MOVE
[12:23:22] INFO: 0.88 0,5,627,465
[12:23:23] INFO: People: 1
[12:23:23] INFO: Target detected -> MOVE
[12:23:23] INFO: 0.86 3,7,633,463
[12:23:24] INFO: People: 1
[12:23:24] INFO: Target detected -> MOVE
[12:23:24] INFO: 0.88 0,7,631,463
[12:23:24] INFO: People: 1
[12:23:24] INFO: Target detected -> MOVE
[12:23:24] INFO: 0.89 5,6,632,464
[12:23:25] INFO: People: 1
[12:23:25] INFO: Target detected -> MOVE
[12:23:25] INFO: 0.88 0,5,632,466
[12:23:25] INFO: People: 1
[12:23:25] INFO: Target detected -> MOVE
[12:23:25] INFO: 0.89 0,5,630,467
[12:23:26] INFO: People: 1
[12:23:26] INFO: Target detected -> MOVE
[12:23:26] INFO: 0.88 0,5,627,467
[12:23:26] INFO: People: 1
[12:23:26] INFO: Target detected -> MOVE
[12:23:26] INFO: 0.87 3,4,633,466
[12:23:27] INFO: People: 1
[12:23:27] INFO: Target detected -> MOVE
[12:23:27] INFO: 0.87 0,4,632,467
[12:23:28] INFO: People: 1
[12:23:28] INFO: Target detected -> MOVE
[12:23:28] INFO: 0.88 2,4,632,467
[12:23:28] INFO: People: 1
[12:23:28] INFO: Target detected -> MOVE
[12:23:28] INFO: 0.88 2,3,630,469
[12:23:29] INFO: People: 1
[12:23:29] INFO: Target detected -> MOVE
[12:23:29] INFO: 0.88 0,4,626,467
[12:23:29] INFO: People: 1
[12:23:29] INFO: Target detected -> MOVE
[12:23:29] INFO: 0.87 0,5,629,466
[12:23:30] INFO: People: 1
[12:23:30] INFO: Target detected -> MOVE
[12:23:30] INFO: 0.89 3,5,632,466
[12:23:30] INFO: People: 1
[12:23:30] INFO: Target detected -> MOVE
[12:23:30] INFO: 0.86 4,5,627,466
[12:23:31] INFO: People: 1
[12:23:31] INFO: Target detected -> MOVE
[12:23:31] INFO: 0.88 3,6,629,466
[12:23:32] INFO: People: 1
[12:23:32] INFO: Target detected -> MOVE
[12:23:32] INFO: 0.90 3,6,634,466
[12:23:32] INFO: People: 1
[12:23:32] INFO: Target detected -> MOVE
[12:23:32] INFO: 0.89 5,7,630,465
[12:23:33] INFO: People: 1
[12:23:33] INFO: Target detected -> MOVE
[12:23:33] INFO: 0.86 7,5,627,467
[12:23:33] INFO: People: 1
[12:23:33] INFO: Target detected -> MOVE
[12:23:33] INFO: 0.89 3,6,630,466
[12:23:34] INFO: People: 1
[12:23:34] INFO: Target detected -> MOVE
[12:23:34] INFO: 0.89 5,6,629,465
[12:23:34] INFO: People: 1
[12:23:34] INFO: Target detected -> MOVE
[12:23:34] INFO: 0.88 3,4,631,467
[12:23:35] INFO: People: 1
[12:23:35] INFO: Target detected -> MOVE
[12:23:35] INFO: 0.89 1,3,629,468
[12:23:36] INFO: People: 1
[12:23:36] INFO: Target detected -> MOVE
[12:23:36] INFO: 0.87 3,5,629,465
[12:23:36] INFO: People: 1
[12:23:36] INFO: Target detected -> MOVE
[12:23:36] INFO: 0.86 4,5,626,466
[12:23:37] INFO: People: 1
[12:23:37] INFO: Target detected -> MOVE
[12:23:37] INFO: 0.89 3,5,632,467
[12:23:37] INFO: People: 1
[12:23:37] INFO: Target detected -> MOVE
[12:23:37] INFO: 0.88 3,5,632,465
[12:23:38] INFO: People: 1
[12:23:38] INFO: Target detected -> MOVE
[12:23:38] INFO: 0.89 0,5,632,466
[12:23:38] INFO: People: 1
[12:23:38] INFO: Target detected -> MOVE
[12:23:38] INFO: 0.88 0,3,628,468
[12:23:39] INFO: People: 1
[12:23:39] INFO: Target detected -> MOVE
[12:23:39] INFO: 0.89 0,2,630,470
[12:23:40] INFO: People: 1
[12:23:40] INFO: Target detected -> MOVE
[12:23:40] INFO: 0.88 0,5,629,467
[12:23:40] INFO: People: 1
[12:23:40] INFO: Target detected -> MOVE
[12:23:40] INFO: 0.83 19,4,604,466
[12:23:41] INFO: People: 1
[12:23:41] INFO: Target detected -> MOVE
[12:23:41] INFO: 0.87 2,2,631,469
[12:23:41] INFO: People: 1
[12:23:41] INFO: Target detected -> MOVE
[12:23:41] INFO: 0.83 11,4,624,466
[12:23:42] INFO: People: 1
[12:23:42] INFO: Target detected -> MOVE
[12:23:42] INFO: 0.80 19,2,616,469
[12:23:42] INFO: People: 1
[12:23:42] INFO: Target detected -> MOVE
[12:23:42] INFO: 0.86 44,3,564,466
[12:23:43] INFO: People: 1
[12:23:43] INFO: Target detected -> MOVE
[12:23:43] INFO: 0.87 0,3,609,469
[12:23:44] INFO: People: 1
[12:23:44] INFO: Target detected -> MOVE
[12:23:44] INFO: 0.77 36,4,580,467
[12:23:44] INFO: People: 1
[12:23:44] INFO: Target detected -> MOVE
[12:23:44] INFO: 0.81 11,6,621,464
[12:23:45] INFO: People: 1
[12:23:45] INFO: Target detected -> MOVE
[12:23:45] INFO: 0.77 11,5,621,464
[12:23:45] INFO: People: 1
[12:23:45] INFO: Target detected -> MOVE
[12:23:45] INFO: 0.68 12,4,622,465
[12:23:46] INFO: People: 1
[12:23:46] INFO: Target detected -> MOVE
[12:23:46] INFO: 0.83 11,2,618,469
[12:23:46] INFO: People: 1
[12:23:46] INFO: Target detected -> MOVE
[12:23:46] INFO: 0.77 9,2,620,467
[12:23:47] INFO: People: 1
[12:23:47] INFO: Target detected -> MOVE
[12:23:47] INFO: 0.83 11,4,622,465
[12:23:48] INFO: People: 1
[12:23:48] INFO: Target detected -> MOVE
[12:23:48] INFO: 0.78 7,5,627,465
[12:23:48] INFO: People: 1
[12:23:48] INFO: Target detected -> MOVE
[12:23:48] INFO: 0.82 0,4,632,465
[12:23:49] INFO: People: 1
[12:23:49] INFO: Target detected -> MOVE
[12:23:49] INFO: 0.84 5,6,622,465
[12:23:49] INFO: People: 1
[12:23:49] INFO: Target detected -> MOVE
[12:23:49] INFO: 0.82 6,5,625,464
[12:23:50] INFO: People: 1
[12:23:50] INFO: Target detected -> MOVE
[12:23:50] INFO: 0.80 10,6,620,465
[12:23:50] INFO: People: 1
[12:23:50] INFO: Target detected -> MOVE
[12:23:50] INFO: 0.75 34,7,596,462
[12:23:51] INFO: People: 1
[12:23:51] INFO: Target detected -> MOVE
[12:23:51] INFO: 0.76 15,6,611,464
[12:23:52] INFO: People: 1
[12:23:52] INFO: Target detected -> MOVE
[12:23:52] INFO: 0.84 4,4,626,466
[12:23:52] INFO: People: 1
[12:23:52] INFO: Target detected -> MOVE
[12:23:52] INFO: 0.77 30,3,591,467
[12:23:53] INFO: People: 1
[12:23:53] INFO: Target detected -> MOVE
[12:23:53] INFO: 0.82 25,3,596,466
[12:23:53] INFO: People: 1
[12:23:53] INFO: Target detected -> MOVE
[12:23:53] INFO: 0.75 43,5,579,465
[12:23:54] INFO: People: 1
[12:23:54] INFO: Target detected -> MOVE
[12:23:54] INFO: 0.81 48,5,581,465
[12:23:54] INFO: People: 1
[12:23:54] INFO: Target detected -> MOVE
[12:23:54] INFO: 0.79 51,5,581,466
[12:23:55] INFO: People: 1
[12:23:55] INFO: Target detected -> MOVE
[12:23:55] INFO: 0.79 71,4,554,465
[12:23:56] INFO: People: 1
[12:23:56] INFO: Target detected -> MOVE
[12:23:56] INFO: 0.80 56,3,577,465
[12:23:56] INFO: People: 1
[12:23:56] INFO: Target detected -> MOVE
[12:23:56] INFO: 0.54 53,7,577,461
[12:23:57] INFO: People: 1
[12:23:57] INFO: Target detected -> MOVE
[12:23:57] INFO: 0.75 77,6,554,465
[12:23:57] INFO: People: 1
[12:23:57] INFO: Target detected -> MOVE
[12:23:57] INFO: 0.85 3,6,633,464
[12:23:58] INFO: People: 1
[12:23:58] INFO: Target detected -> MOVE
[12:23:58] INFO: 0.86 5,2,627,468
[12:23:58] INFO: People: 1
[12:23:58] INFO: Target detected -> MOVE
[12:23:58] INFO: 0.87 4,2,631,467
[12:23:59] INFO: People: 1
[12:23:59] INFO: Target detected -> MOVE
[12:23:59] INFO: 0.88 1,3,632,467
[12:24:00] INFO: People: 1
[12:24:00] INFO: Target detected -> MOVE
[12:24:00] INFO: 0.89 2,4,633,465
[12:24:00] INFO: People: 1
[12:24:00] INFO: Target detected -> MOVE
[12:24:00] INFO: 0.83 2,7,630,462
[12:24:01] INFO: People: 1
[12:24:01] INFO: Target detected -> MOVE
[12:24:01] INFO: 0.87 0,5,624,465
[12:24:01] INFO: People: 1
[12:24:01] INFO: Target detected -> MOVE
[12:24:01] INFO: 0.88 1,5,628,465
[12:24:02] INFO: People: 1
[12:24:02] INFO: Target detected -> MOVE
[12:24:02] INFO: 0.88 1,6,629,465
[12:24:03] INFO: People: 1
[12:24:03] INFO: Target detected -> MOVE
[12:24:03] INFO: 0.86 14,5,615,465
[12:24:03] INFO: People: 1
[12:24:03] INFO: Target detected -> MOVE
[12:24:03] INFO: 0.81 68,4,549,464
[12:24:04] INFO: People: 1
[12:24:04] INFO: Target detected -> MOVE
[12:24:04] INFO: 0.70 58,5,568,466
[12:24:04] INFO: People: 1
[12:24:04] INFO: Target detected -> MOVE
[12:24:04] INFO: 0.77 9,5,606,466
[12:24:05] INFO: People: 1
[12:24:05] INFO: Target detected -> MOVE
[12:24:05] INFO: 0.70 16,5,594,464
[12:24:06] INFO: People: 1
[12:24:06] INFO: Target detected -> MOVE
[12:24:06] INFO: 0.75 22,6,586,466
[12:24:06] INFO: People: 1
[12:24:06] INFO: Target detected -> MOVE
[12:24:06] INFO: 0.78 20,5,596,464
[12:24:07] INFO: People: 1
[12:24:07] INFO: Target detected -> MOVE
[12:24:07] INFO: 0.70 32,6,582,464
[12:24:07] INFO: People: 1
[12:24:07] INFO: Target detected -> MOVE
[12:24:07] INFO: 0.78 64,4,556,466
[12:24:08] INFO: People: 1
[12:24:08] INFO: Target detected -> MOVE
[12:24:08] INFO: 0.70 43,4,580,466
[12:24:08] INFO: People: 1
[12:24:08] INFO: Target detected -> MOVE
[12:24:09] INFO: 0.70 64,2,561,468
[12:24:09] INFO: People: 1
[12:24:09] INFO: Target detected -> MOVE
[12:24:09] INFO: 0.71 73,2,549,467
[12:24:10] INFO: People: 1
[12:24:10] INFO: Target detected -> MOVE
[12:24:10] INFO: 0.80 20,3,607,467
[12:24:10] INFO: People: 1
[12:24:10] INFO: Target detected -> MOVE
[12:24:10] INFO: 0.70 12,6,623,465
[12:24:11] INFO: People: 1
[12:24:11] INFO: Target detected -> MOVE
[12:24:11] INFO: 0.80 1,7,627,462
[12:24:11] INFO: People: 1
[12:24:11] INFO: Target detected -> MOVE
[12:24:11] INFO: 0.76 2,7,629,463
[12:24:12] INFO: People: 1
[12:24:12] INFO: Target detected -> MOVE
[12:24:12] INFO: 0.54 30,6,604,464
[12:24:13] INFO: People: 1
[12:24:13] INFO: Target detected -> MOVE
[12:24:13] INFO: 0.81 6,5,627,465
[12:24:13] INFO: People: 1
[12:24:13] INFO: Target detected -> MOVE
[12:24:13] INFO: 0.85 4,6,632,464
[12:24:14] INFO: People: 1
[12:24:14] INFO: Target detected -> MOVE
[12:24:14] INFO: 0.73 29,6,604,464
[12:24:14] INFO: People: 1
[12:24:14] INFO: Target detected -> MOVE
[12:24:14] INFO: 0.72 74,5,555,464
[12:24:15] INFO: People: 1
[12:24:15] INFO: Target detected -> MOVE
[12:24:15] INFO: 0.71 72,5,561,464
[12:24:16] INFO: People: 1
[12:24:16] INFO: Target detected -> MOVE
[12:24:16] INFO: 0.77 3,6,631,463
[12:24:16] INFO: People: 1
[12:24:16] INFO: Target detected -> MOVE
[12:24:16] INFO: 0.63 4,4,631,465
[12:24:17] INFO: People: 1
[12:24:17] INFO: Target detected -> MOVE
[12:24:17] INFO: 0.72 5,5,628,464
[12:24:17] INFO: People: 1
[12:24:17] INFO: Target detected -> MOVE
[12:24:17] INFO: 0.80 5,5,630,464
[12:24:18] INFO: People: 1
[12:24:18] INFO: Target detected -> MOVE
[12:24:18] INFO: 0.60 18,7,615,464
[12:24:19] INFO: People: 1
[12:24:19] INFO: Target detected -> MOVE
[12:24:19] INFO: 0.63 96,5,537,466
[12:24:19] INFO: People: 1
[12:24:19] INFO: Target detected -> MOVE
[12:24:19] INFO: 0.60 82,7,549,463
[12:24:20] INFO: People: 1
[12:24:20] INFO: Target detected -> MOVE
[12:24:20] INFO: 0.75 97,6,535,463
[12:24:20] INFO: People: 1
[12:24:20] INFO: Target detected -> MOVE
[12:24:20] INFO: 0.75 48,6,580,465
[12:24:21] INFO: People: 1
[12:24:21] INFO: Target detected -> MOVE
[12:24:21] INFO: 0.67 39,7,589,464
[12:24:22] INFO: People: 0
[12:24:22] INFO: No target -> STOP
[12:24:22] INFO: People: 1
[12:24:22] INFO: Target detected -> MOVE
[12:24:22] INFO: 0.69 60,7,570,463
[12:24:23] INFO: People: 1
[12:24:23] INFO: Target detected -> MOVE
[12:24:23] INFO: 0.45 56,11,567,458
[12:24:23] INFO: People: 1
[12:24:23] INFO: Target detected -> MOVE
[12:24:23] INFO: 0.65 85,8,539,463
[12:24:24] INFO: People: 1
[12:24:24] INFO: Target detected -> MOVE
[12:24:24] INFO: 0.45 1,8,614,460
[12:24:25] INFO: People: 1
[12:24:25] INFO: Target detected -> MOVE
[12:24:25] INFO: 0.83 1,4,612,466
[12:24:25] INFO: People: 1
[12:24:25] INFO: Target detected -> MOVE
[12:24:25] INFO: 0.68 3,6,592,464
[12:24:26] INFO: People: 1
[12:24:26] INFO: Target detected -> MOVE
[12:24:26] INFO: 0.86 3,7,579,465
[12:24:26] INFO: People: 1
[12:24:26] INFO: Target detected -> MOVE
[12:24:26] INFO: 0.75 2,6,561,465
[12:24:27] INFO: People: 1
[12:24:27] INFO: Target detected -> MOVE
[12:24:27] INFO: 0.68 10,7,552,463
[12:24:28] INFO: People: 1
[12:24:28] INFO: Target detected -> MOVE
[12:24:28] INFO: 0.56 11,8,556,463
[12:24:28] INFO: People: 1
[12:24:28] INFO: Target detected -> MOVE
[12:24:28] INFO: 0.59 12,6,555,464
[12:24:29] INFO: People: 1
[12:24:29] INFO: Target detected -> MOVE
[12:24:29] INFO: 0.73 6,5,551,466
[12:24:29] INFO: People: 1
[12:24:29] INFO: Target detected -> MOVE
[12:24:29] INFO: 0.71 6,8,548,463
[12:24:30] INFO: People: 1
[12:24:30] INFO: Target detected -> MOVE
[12:24:30] INFO: 0.66 8,4,564,463
[12:24:31] INFO: People: 1
[12:24:31] INFO: Target detected -> MOVE
[12:24:31] INFO: 0.79 6,8,562,462
[12:24:31] INFO: People: 1
[12:24:31] INFO: Target detected -> MOVE
[12:24:31] INFO: 0.66 7,8,558,463
[12:24:32] INFO: People: 1
[12:24:32] INFO: Target detected -> MOVE
[12:24:32] INFO: 0.72 8,5,549,465
[12:24:32] INFO: People: 1
[12:24:32] INFO: Target detected -> MOVE
[12:24:32] INFO: 0.78 4,5,562,466
[12:24:33] INFO: People: 1
[12:24:33] INFO: Target detected -> MOVE
[12:24:33] INFO: 0.82 8,7,556,463
[12:24:34] INFO: People: 1
[12:24:34] INFO: Target detected -> MOVE
[12:24:34] INFO: 0.79 11,6,548,465
[12:24:34] INFO: People: 1
[12:24:34] INFO: Target detected -> MOVE
[12:24:34] INFO: 0.85 6,6,558,465
[12:24:35] INFO: People: 1
[12:24:35] INFO: Target detected -> MOVE
[12:24:35] INFO: 0.83 4,5,559,466
[12:24:35] INFO: People: 1
[12:24:35] INFO: Target detected -> MOVE
[12:24:35] INFO: 0.83 4,9,547,462
[12:24:36] INFO: People: 1
[12:24:36] INFO: Target detected -> MOVE
[12:24:36] INFO: 0.80 3,4,541,464
[12:24:37] INFO: People: 1
[12:24:37] INFO: Target detected -> MOVE
[12:24:37] INFO: 0.79 3,7,542,464
[12:24:37] INFO: People: 1
[12:24:37] INFO: Target detected -> MOVE
[12:24:37] INFO: 0.75 3,8,555,462
[12:24:38] INFO: People: 1
[12:24:38] INFO: Target detected -> MOVE
[12:24:38] INFO: 0.82 2,5,567,465
[12:24:38] INFO: People: 1
[12:24:38] INFO: Target detected -> MOVE
[12:24:38] INFO: 0.82 4,8,558,462
[12:24:39] INFO: People: 1
[12:24:39] INFO: Target detected -> MOVE
[12:24:39] INFO: 0.78 5,4,542,464
[12:24:40] INFO: People: 1
[12:24:40] INFO: Target detected -> MOVE
[12:24:40] INFO: 0.81 2,8,546,462
[12:24:40] INFO: People: 1
[12:24:40] INFO: Target detected -> MOVE
[12:24:40] INFO: 0.79 2,6,553,464
[12:24:41] INFO: People: 1
[12:24:41] INFO: Target detected -> MOVE
[12:24:41] INFO: 0.84 2,7,561,463
[12:24:41] INFO: People: 1
[12:24:41] INFO: Target detected -> MOVE
[12:24:41] INFO: 0.81 2,8,563,463
[12:24:42] INFO: People: 1
[12:24:42] INFO: Target detected -> MOVE
[12:24:42] INFO: 0.79 5,7,550,464
[12:24:43] INFO: People: 1
[12:24:43] INFO: Target detected -> MOVE
[12:24:43] INFO: 0.75 3,7,557,464
[12:24:43] INFO: People: 1
[12:24:43] INFO: Target detected -> MOVE
[12:24:43] INFO: 0.79 2,8,561,463
[12:24:44] INFO: People: 1
[12:24:44] INFO: Target detected -> MOVE
[12:24:44] INFO: 0.52 1,6,559,465
[12:24:45] INFO: People: 1
[12:24:45] INFO: Target detected -> MOVE
[12:24:45] INFO: 0.70 3,6,549,464
[12:24:45] INFO: People: 1
[12:24:45] INFO: Target detected -> MOVE
[12:24:45] INFO: 0.72 2,3,555,465
[12:24:46] INFO: People: 1
[12:24:46] INFO: Target detected -> MOVE
[12:24:46] INFO: 0.53 1,4,564,464
[12:24:46] INFO: People: 1
[12:24:46] INFO: Target detected -> MOVE
[12:24:46] INFO: 0.72 2,7,567,463
[12:24:47] INFO: People: 1
[12:24:47] INFO: Target detected -> MOVE
[12:24:47] INFO: 0.81 2,6,556,464
[12:24:48] INFO: People: 1
[12:24:48] INFO: Target detected -> MOVE
[12:24:48] INFO: 0.75 3,5,572,463
[12:24:48] INFO: People: 1
[12:24:48] INFO: Target detected -> MOVE
[12:24:48] INFO: 0.80 3,4,561,465
[12:24:49] INFO: People: 1
[12:24:49] INFO: Target detected -> MOVE
[12:24:49] INFO: 0.83 1,7,558,463
[12:24:49] INFO: People: 1
[12:24:49] INFO: Target detected -> MOVE
[12:24:49] INFO: 0.82 2,7,565,463
[12:24:50] INFO: People: 1
[12:24:50] INFO: Target detected -> MOVE
[12:24:50] INFO: 0.77 1,4,550,464
[12:24:51] INFO: People: 0
[12:24:51] INFO: No target -> STOP
[12:24:51] INFO: People: 1
[12:24:51] INFO: Target detected -> MOVE
[12:24:51] INFO: 0.81 1,8,548,463
[12:24:52] INFO: People: 1
[12:24:52] INFO: Target detected -> MOVE
[12:24:52] INFO: 0.67 2,6,586,464
[12:24:52] INFO: People: 1
[12:24:52] INFO: Target detected -> MOVE
[12:24:52] INFO: 0.80 2,3,564,468
[12:24:53] INFO: People: 1
[12:24:53] INFO: Target detected -> MOVE
[12:24:53] INFO: 0.73 1,7,571,463
[12:24:54] INFO: People: 1
[12:24:54] INFO: Target detected -> MOVE
[12:24:54] INFO: 0.80 3,5,554,464
[12:24:54] INFO: People: 0
[12:24:54] INFO: No target -> STOP
[12:24:55] INFO: People: 1
[12:24:55] INFO: Target detected -> MOVE
[12:24:55] INFO: 0.63 2,7,573,464
[12:24:55] INFO: People: 1
[12:24:55] INFO: Target detected -> MOVE
[12:24:55] INFO: 0.74 5,4,558,467
[12:24:56] INFO: People: 1
[12:24:56] INFO: Target detected -> MOVE
[12:24:56] INFO: 0.58 4,4,569,467
[12:24:57] INFO: People: 1
[12:24:57] INFO: Target detected -> MOVE
[12:24:57] INFO: 0.80 3,5,557,464
[12:24:57] INFO: People: 1
[12:24:57] INFO: Target detected -> MOVE
[12:24:57] INFO: 0.78 3,2,541,464
[12:24:58] INFO: People: 1
[12:24:58] INFO: Target detected -> MOVE
[12:24:58] INFO: 0.81 3,4,564,465
[12:24:58] INFO: People: 1
[12:24:58] INFO: Target detected -> MOVE
[12:24:58] INFO: 0.75 2,5,553,464
[12:24:59] INFO: People: 1
[12:24:59] INFO: Target detected -> MOVE
[12:24:59] INFO: 0.81 3,4,575,467
[12:25:00] INFO: People: 1
[12:25:00] INFO: Target detected -> MOVE
[12:25:00] INFO: 0.73 2,7,558,464
[12:25:00] INFO: People: 1
[12:25:00] INFO: Target detected -> MOVE
[12:25:00] INFO: 0.82 3,3,548,464
[12:25:01] INFO: People: 1
[12:25:01] INFO: Target detected -> MOVE
[12:25:01] INFO: 0.71 2,4,570,467
[12:25:01] INFO: People: 1
[12:25:01] INFO: Target detected -> MOVE
[12:25:01] INFO: 0.57 3,6,548,465
[12:25:02] INFO: People: 1
[12:25:02] INFO: Target detected -> MOVE
[12:25:02] INFO: 0.75 1,4,557,468
[12:25:03] INFO: People: 1
[12:25:03] INFO: Target detected -> MOVE
[12:25:03] INFO: 0.75 1,5,550,466
[12:25:03] INFO: People: 1
[12:25:03] INFO: Target detected -> MOVE
[12:25:03] INFO: 0.77 3,4,568,465
[12:25:04] INFO: People: 1
[12:25:04] INFO: Target detected -> MOVE
[12:25:04] INFO: 0.45 4,6,575,463
[12:25:04] INFO: People: 1
[12:25:04] INFO: Target detected -> MOVE
[12:25:04] INFO: 0.79 2,7,574,464
[12:25:05] INFO: People: 0
[12:25:05] INFO: No target -> STOP
[12:25:06] INFO: People: 1
[12:25:06] INFO: Target detected -> MOVE
[12:25:06] INFO: 0.83 2,7,566,463
[12:25:06] INFO: People: 1
[12:25:06] INFO: Target detected -> MOVE
[12:25:06] INFO: 0.80 3,8,558,462
[12:25:07] INFO: People: 1
[12:25:07] INFO: Target detected -> MOVE
[12:25:07] INFO: 0.78 4,6,558,463
[12:25:07] INFO: People: 1
[12:25:07] INFO: Target detected -> MOVE
[12:25:07] INFO: 0.79 3,4,556,464
[12:25:08] INFO: People: 1
[12:25:08] INFO: Target detected -> MOVE
[12:25:08] INFO: 0.82 2,2,561,466
[12:25:09] INFO: People: 1
[12:25:09] INFO: Target detected -> MOVE
[12:25:09] INFO: 0.80 1,2,550,469
[12:25:09] INFO: People: 1
[12:25:09] INFO: Target detected -> MOVE
[12:25:09] INFO: 0.79 8,7,558,464
[12:25:10] INFO: People: 1
[12:25:10] INFO: Target detected -> MOVE
[12:25:10] INFO: 0.71 4,5,555,465
[12:25:11] INFO: People: 1
[12:25:11] INFO: Target detected -> MOVE
[12:25:11] INFO: 0.78 4,5,549,467
[12:25:11] INFO: People: 1
[12:25:11] INFO: Target detected -> MOVE
[12:25:11] INFO: 0.77 3,4,553,465
[12:25:12] INFO: People: 1
[12:25:12] INFO: Target detected -> MOVE
[12:25:12] INFO: 0.76 4,6,548,464
[12:25:12] INFO: People: 1
[12:25:12] INFO: Target detected -> MOVE
[12:25:12] INFO: 0.76 5,7,568,463
[12:25:13] INFO: People: 1
[12:25:13] INFO: Target detected -> MOVE
[12:25:13] INFO: 0.79 5,3,559,466
[12:25:14] INFO: People: 1
[12:25:14] INFO: Target detected -> MOVE
[12:25:14] INFO: 0.72 7,4,546,466
[12:25:14] INFO: People: 1
[12:25:14] INFO: Target detected -> MOVE
[12:25:14] INFO: 0.74 4,4,550,464
[12:25:15] INFO: People: 1
[12:25:15] INFO: Target detected -> MOVE
[12:25:15] INFO: 0.75 3,5,554,463
[12:25:15] INFO: People: 1
[12:25:15] INFO: Target detected -> MOVE
[12:25:15] INFO: 0.76 3,6,556,466
[12:25:19] ERROR: Arduino connection failed: [Errno 2] could not open port /dev/ttyACM0: [Errno 2] No such file or directory: '/dev/ttyACM0'
[12:25:19] INFO: YOLO detector initialized.
[12:25:19] INFO: Camera started (640x480)
[12:25:19] INFO: Detector running...
[12:25:20] INFO: First 5 raw detections:
[12:25:20] INFO: [  5.9885254  86.618286  563.0272    552.41895     0.8452537   0.       ]
[12:25:20] INFO: [0. 0. 0. 0. 0. 0.]
[12:25:20] INFO: [0. 0. 0. 0. 0. 0.]
[12:25:20] INFO: [0. 0. 0. 0. 0. 0.]
[12:25:20] INFO: [0. 0. 0. 0. 0. 0.]
[12:25:20] INFO: People: 1
[12:25:20] INFO: Target detected -> MOVE
[12:25:20] INFO: 0.85 5,6,557,465
[12:25:21] INFO: People: 1
[12:25:21] INFO: Target detected -> MOVE
[12:25:21] INFO: 0.80 5,5,553,466
[12:25:21] INFO: People: 1
[12:25:21] INFO: Target detected -> MOVE
[12:25:21] INFO: 0.77 13,5,545,465
[12:25:22] INFO: People: 1
[12:25:22] INFO: Target detected -> MOVE
[12:25:22] INFO: 0.84 10,7,554,465
[12:25:22] INFO: People: 1
[12:25:22] INFO: Target detected -> MOVE
[12:25:22] INFO: 0.80 8,6,552,465
[12:25:23] INFO: People: 1
[12:25:23] INFO: Target detected -> MOVE
[12:25:23] INFO: 0.82 4,6,563,465
[12:25:24] INFO: People: 1
[12:25:24] INFO: Target detected -> MOVE
[12:25:24] INFO: 0.83 3,5,556,466
[12:25:24] INFO: People: 1
[12:25:24] INFO: Target detected -> MOVE
[12:25:24] INFO: 0.73 1,7,573,465
[12:25:25] INFO: People: 1
[12:25:25] INFO: Target detected -> MOVE
[12:25:25] INFO: 0.74 3,6,565,464
[12:25:26] INFO: People: 1
[12:25:26] INFO: Target detected -> MOVE
[12:25:26] INFO: 0.80 1,5,560,466
[12:25:26] INFO: People: 1
[12:25:26] INFO: Target detected -> MOVE
[12:25:26] INFO: 0.78 2,5,560,466
[12:25:27] INFO: People: 1
[12:25:27] INFO: Target detected -> MOVE
[12:25:27] INFO: 0.70 6,7,554,464
[12:25:28] INFO: People: 1
[12:25:28] INFO: Target detected -> MOVE
[12:25:28] INFO: 0.76 5,5,555,466
[12:25:29] INFO: People: 1
[12:25:29] INFO: Target detected -> MOVE
[12:25:29] INFO: 0.80 2,7,556,464
[12:25:29] INFO: People: 1
[12:25:29] INFO: Target detected -> MOVE
[12:25:29] INFO: 0.77 6,5,551,466
[12:25:30] INFO: People: 1
[12:25:30] INFO: Target detected -> MOVE
[12:25:30] INFO: 0.80 0,6,564,464
[12:25:43] ERROR: Arduino connection failed: [Errno 2] could not open port /dev/ttyACM0: [Errno 2] No such file or directory: '/dev/ttyACM0'
[12:25:43] INFO: YOLO detector initialized.
[12:25:43] INFO: Camera started (640x480)
[12:25:43] INFO: Detector running...
[12:25:44] INFO: First 5 raw detections:
[12:25:44] INFO: [  5.435364   83.77374   622.69147   552.8857      0.7991323   0.       ]
[12:25:44] INFO: [0. 0. 0. 0. 0. 0.]
[12:25:44] INFO: [0. 0. 0. 0. 0. 0.]
[12:25:44] INFO: [0. 0. 0. 0. 0. 0.]
[12:25:44] INFO: [0. 0. 0. 0. 0. 0.]
[12:25:44] INFO: People: 1
[12:25:44] INFO: Target detected -> MOVE
[12:25:44] INFO: 0.80 5,3,617,469
[12:25:45] INFO: People: 1
[12:25:45] INFO: Target detected -> MOVE
[12:25:45] INFO: 0.72 7,3,610,468
[12:25:46] INFO: People: 1
[12:25:46] INFO: Target detected -> MOVE
[12:25:46] INFO: 0.81 7,5,630,466
[12:25:46] INFO: People: 1
[12:25:46] INFO: Target detected -> MOVE
[12:25:46] INFO: 0.85 2,10,635,459
[12:25:47] INFO: People: 1
[12:25:47] INFO: Target detected -> MOVE
[12:25:47] INFO: 0.82 3,9,635,461
[12:25:47] INFO: People: 1
[12:25:47] INFO: Target detected -> MOVE
[12:25:47] INFO: 0.87 2,8,635,464
[12:25:48] INFO: People: 1
[12:25:48] INFO: Target detected -> MOVE
[12:25:48] INFO: 0.88 2,5,636,466
[12:25:49] INFO: People: 1
[12:25:49] INFO: Target detected -> MOVE
[12:25:49] INFO: 0.87 4,7,634,465
[12:25:49] INFO: People: 1
[12:25:49] INFO: Target detected -> MOVE
[12:25:49] INFO: 0.87 3,9,634,463
[12:25:50] INFO: People: 1
[12:25:50] INFO: Target detected -> MOVE
[12:25:50] INFO: 0.85 2,7,635,464
[12:25:50] INFO: People: 1
[12:25:50] INFO: Target detected -> MOVE
[12:25:50] INFO: 0.85 3,9,632,463
[12:25:51] INFO: People: 1
[12:25:51] INFO: Target detected -> MOVE
[12:25:51] INFO: 0.82 10,7,627,465
[12:25:51] INFO: People: 1
[12:25:52] INFO: Target detected -> MOVE
[12:25:52] INFO: 0.83 1,8,634,463
[12:25:52] INFO: People: 1
[12:25:52] INFO: Target detected -> MOVE
[12:25:52] INFO: 0.86 2,8,635,463
[12:25:53] INFO: People: 1
[12:25:53] INFO: Target detected -> MOVE
[12:25:53] INFO: 0.88 4,7,634,465
[12:25:53] INFO: People: 1
[12:25:53] INFO: Target detected -> MOVE
[12:25:53] INFO: 0.85 0,6,635,465
[12:25:54] INFO: People: 1
[12:25:54] INFO: Target detected -> MOVE
[12:25:54] INFO: 0.85 2,5,634,465
[12:25:54] INFO: People: 1
[12:25:54] INFO: Target detected -> MOVE
[12:25:54] INFO: 0.85 0,6,636,464
[12:25:55] INFO: People: 1
[12:25:55] INFO: Target detected -> MOVE
[12:25:55] INFO: 0.88 2,8,635,463
[12:25:56] INFO: People: 1
[12:25:56] INFO: Target detected -> MOVE
[12:25:56] INFO: 0.86 0,6,636,465
[12:25:56] INFO: People: 1
[12:25:56] INFO: Target detected -> MOVE
[12:25:56] INFO: 0.84 2,6,634,464
[12:25:57] INFO: People: 1
[12:25:57] INFO: Target detected -> MOVE
[12:25:57] INFO: 0.86 1,7,636,464
[12:25:58] INFO: People: 1
[12:25:58] INFO: Target detected -> MOVE
[12:25:58] INFO: 0.84 4,3,632,468
[12:25:58] INFO: People: 1
[12:25:58] INFO: Target detected -> MOVE
[12:25:58] INFO: 0.87 5,5,631,467
[12:25:59] INFO: People: 1
[12:25:59] INFO: Target detected -> MOVE
[12:25:59] INFO: 0.82 7,7,630,463
[12:25:59] INFO: People: 1
[12:25:59] INFO: Target detected -> MOVE
[12:25:59] INFO: 0.86 2,7,633,465
[12:26:00] INFO: People: 1
[12:26:00] INFO: Target detected -> MOVE
[12:26:00] INFO: 0.86 4,8,631,464
[12:26:01] INFO: People: 1
[12:26:01] INFO: Target detected -> MOVE
[12:26:01] INFO: 0.87 2,7,634,465
[12:26:01] INFO: People: 1
[12:26:01] INFO: Target detected -> MOVE
[12:26:01] INFO: 0.87 4,7,634,464
[12:26:02] INFO: People: 1
[12:26:02] INFO: Target detected -> MOVE
[12:26:02] INFO: 0.64 35,9,601,461
[12:26:02] INFO: People: 1
[12:26:02] INFO: Target detected -> MOVE
[12:26:02] INFO: 0.81 23,8,612,460
[12:26:03] INFO: People: 1
[12:26:03] INFO: Target detected -> MOVE
[12:26:03] INFO: 0.79 0,5,636,465
[12:26:04] INFO: People: 1
[12:26:04] INFO: Target detected -> MOVE
[12:26:04] INFO: 0.87 0,6,637,465
[12:26:04] INFO: People: 1
[12:26:04] INFO: Target detected -> MOVE
[12:26:04] INFO: 0.86 2,7,634,463
[12:26:05] INFO: People: 1
[12:26:05] INFO: Target detected -> MOVE
[12:26:05] INFO: 0.86 0,3,637,468
[12:26:06] INFO: People: 1
[12:26:06] INFO: Target detected -> MOVE
[12:26:06] INFO: 0.85 0,4,635,468
[12:26:06] INFO: People: 1
[12:26:06] INFO: Target detected -> MOVE
[12:26:06] INFO: 0.85 1,3,635,468
[12:26:07] INFO: People: 1
[12:26:07] INFO: Target detected -> MOVE
[12:26:07] INFO: 0.85 1,6,637,465
[12:26:07] INFO: People: 1
[12:26:07] INFO: Target detected -> MOVE
[12:26:07] INFO: 0.85 1,6,636,464
[12:26:08] INFO: People: 1
[12:26:08] INFO: Target detected -> MOVE
[12:26:08] INFO: 0.85 0,5,637,465
[12:26:09] INFO: People: 1
[12:26:09] INFO: Target detected -> MOVE
[12:26:09] INFO: 0.83 0,3,636,469
[12:26:09] INFO: People: 1
[12:26:09] INFO: Target detected -> MOVE
[12:26:09] INFO: 0.82 2,5,634,466
[12:26:10] INFO: People: 1
[12:26:10] INFO: Target detected -> MOVE
[12:26:10] INFO: 0.86 2,7,636,464
[12:26:11] INFO: People: 1
[12:26:11] INFO: Target detected -> MOVE
[12:26:11] INFO: 0.85 10,9,625,462
[12:26:11] INFO: People: 1
[12:26:11] INFO: Target detected -> MOVE
[12:26:11] INFO: 0.73 6,10,629,455
[12:26:12] INFO: People: 1
[12:26:12] INFO: Target detected -> MOVE
[12:26:12] INFO: 0.73 4,10,632,459
[12:26:12] INFO: People: 1
[12:26:12] INFO: Target detected -> MOVE
[12:26:12] INFO: 0.70 7,9,626,461
[12:26:13] INFO: People: 1
[12:26:13] INFO: Target detected -> MOVE
[12:26:13] INFO: 0.63 4,9,634,462
[12:26:14] INFO: People: 1
[12:26:14] INFO: Target detected -> MOVE
[12:26:14] INFO: 0.52 7,9,627,461
[12:26:14] INFO: People: 1
[12:26:14] INFO: Target detected -> MOVE
[12:26:14] INFO: 0.49 25,8,611,462
[12:26:15] INFO: People: 1
[12:26:15] INFO: Target detected -> MOVE
[12:26:15] INFO: 0.55 12,8,622,463
[12:26:15] INFO: People: 1
[12:26:15] INFO: Target detected -> MOVE
[12:26:15] INFO: 0.82 8,8,628,462
[12:26:16] INFO: People: 1
[12:26:16] INFO: Target detected -> MOVE
[12:26:16] INFO: 0.66 20,8,613,464
[12:26:17] INFO: People: 1
[12:26:17] INFO: Target detected -> MOVE
[12:26:17] INFO: 0.77 2,5,634,465
[12:26:17] INFO: People: 1
[12:26:17] INFO: Target detected -> MOVE
[12:26:17] INFO: 0.62 2,7,633,463
[12:26:18] INFO: People: 1
[12:26:18] INFO: Target detected -> MOVE
[12:26:18] INFO: 0.58 11,6,624,464
[12:26:18] INFO: People: 1
[12:26:18] INFO: Target detected -> MOVE
[12:26:18] INFO: 0.82 4,6,633,464
[12:26:19] INFO: People: 1
[12:26:19] INFO: Target detected -> MOVE
[12:26:19] INFO: 0.79 8,9,628,462
[12:26:20] INFO: People: 1
[12:26:20] INFO: Target detected -> MOVE
[12:26:20] INFO: 0.74 14,8,621,463
[12:26:20] INFO: People: 1
[12:26:20] INFO: Target detected -> MOVE
[12:26:20] INFO: 0.72 6,7,629,464
[12:26:21] INFO: People: 1
[12:26:21] INFO: Target detected -> MOVE
[12:26:21] INFO: 0.72 12,8,624,462
[12:26:22] INFO: People: 1
[12:26:22] INFO: Target detected -> MOVE
[12:26:22] INFO: 0.70 6,8,631,463
[12:26:22] INFO: People: 1
[12:26:22] INFO: Target detected -> MOVE
[12:26:22] INFO: 0.76 6,7,629,463
[12:26:23] INFO: People: 1
[12:26:23] INFO: Target detected -> MOVE
[12:26:23] INFO: 0.56 13,5,620,465
[12:26:23] INFO: People: 1
[12:26:23] INFO: Target detected -> MOVE
[12:26:23] INFO: 0.59 12,8,622,462
[12:26:24] INFO: People: 1
[12:26:24] INFO: Target detected -> MOVE
[12:26:24] INFO: 0.57 4,6,631,465
[12:26:25] INFO: People: 1
[12:26:25] INFO: Target detected -> MOVE
[12:26:25] INFO: 0.70 18,7,618,462
[12:26:25] INFO: People: 1
[12:26:25] INFO: Target detected -> MOVE
[12:26:25] INFO: 0.63 6,7,629,464
[12:26:26] INFO: People: 1
[12:26:26] INFO: Target detected -> MOVE
[12:26:26] INFO: 0.53 19,8,616,462
[12:26:27] INFO: People: 1
[12:26:27] INFO: Target detected -> MOVE
[12:26:27] INFO: 0.60 11,7,625,463
[12:26:27] INFO: People: 0
[12:26:27] INFO: No target -> STOP
[12:26:28] INFO: People: 1
[12:26:28] INFO: Target detected -> MOVE
[12:26:28] INFO: 0.63 19,7,616,464
[12:26:29] INFO: People: 1
[12:26:29] INFO: Target detected -> MOVE
[12:26:29] INFO: 0.56 20,5,616,464
[12:26:29] INFO: People: 0
[12:26:29] INFO: No target -> STOP
[12:26:30] INFO: People: 0
[12:26:30] INFO: No target -> STOP
[12:26:30] INFO: People: 0
[12:26:30] INFO: No target -> STOP
[12:26:31] INFO: People: 1
[12:26:31] INFO: Target detected -> MOVE
[12:26:31] INFO: 0.53 10,8,623,462
[12:26:32] INFO: People: 1
[12:26:32] INFO: Target detected -> MOVE
[12:26:32] INFO: 0.73 11,6,623,463
[12:26:32] INFO: People: 0
[12:26:32] INFO: No target -> STOP
[12:26:33] INFO: People: 1
[12:26:33] INFO: Target detected -> MOVE
[12:26:33] INFO: 0.50 3,5,625,465
[12:26:33] INFO: People: 1
[12:26:33] INFO: Target detected -> MOVE
[12:26:33] INFO: 0.70 4,7,631,463
[12:26:34] INFO: People: 0
[12:26:34] INFO: No target -> STOP
[12:26:35] INFO: People: 1
[12:26:35] INFO: Target detected -> MOVE
[12:26:35] INFO: 0.79 10,8,607,463
[12:26:35] INFO: People: 1
[12:26:35] INFO: Target detected -> MOVE
[12:26:35] INFO: 0.77 12,9,603,462
[12:26:36] INFO: People: 1
[12:26:36] INFO: Target detected -> MOVE
[12:26:36] INFO: 0.71 6,9,610,461
[12:26:37] INFO: People: 1
[12:26:37] INFO: Target detected -> MOVE
[12:26:37] INFO: 0.60 25,5,599,467
[12:26:37] INFO: People: 1
[12:26:37] INFO: Target detected -> MOVE
[12:26:37] INFO: 0.80 32,5,590,466
[12:26:38] INFO: People: 1
[12:26:38] INFO: Target detected -> MOVE
[12:26:38] INFO: 0.72 33,7,580,463
[12:26:39] INFO: People: 1
[12:26:39] INFO: Target detected -> MOVE
[12:26:39] INFO: 0.72 22,7,595,463
[12:26:39] INFO: People: 1
[12:26:39] INFO: Target detected -> MOVE
[12:26:39] INFO: 0.77 23,6,592,465
[12:26:40] INFO: People: 1
[12:26:40] INFO: Target detected -> MOVE
[12:26:40] INFO: 0.72 23,5,588,465
[12:26:40] INFO: People: 1
[12:26:40] INFO: Target detected -> MOVE
[12:26:40] INFO: 0.76 21,6,586,464
[12:26:41] INFO: People: 1
[12:26:41] INFO: Target detected -> MOVE
[12:26:41] INFO: 0.67 24,8,587,460
[12:26:42] INFO: People: 1
[12:26:42] INFO: Target detected -> MOVE
[12:26:42] INFO: 0.78 13,6,594,466
[12:26:42] INFO: People: 1
[12:26:42] INFO: Target detected -> MOVE
[12:26:42] INFO: 0.69 20,6,588,464
[12:26:43] INFO: People: 1
[12:26:43] INFO: Target detected -> MOVE
[12:26:43] INFO: 0.70 18,6,593,465
[12:26:44] INFO: People: 1
[12:26:44] INFO: Target detected -> MOVE
[12:26:44] INFO: 0.75 15,8,582,463
[12:26:44] INFO: People: 1
[12:26:44] INFO: Target detected -> MOVE
[12:26:44] INFO: 0.76 11,6,603,466
[12:26:45] INFO: People: 1
[12:26:45] INFO: Target detected -> MOVE
[12:26:45] INFO: 0.76 27,7,590,462
[12:26:46] INFO: People: 1
[12:26:46] INFO: Target detected -> MOVE
[12:26:46] INFO: 0.82 11,8,605,464
[12:26:46] INFO: People: 1
[12:26:46] INFO: Target detected -> MOVE
[12:26:46] INFO: 0.78 18,6,597,464
[12:26:47] INFO: People: 1
[12:26:47] INFO: Target detected -> MOVE
[12:26:47] INFO: 0.77 13,6,599,465
[12:26:47] INFO: People: 1
[12:26:47] INFO: Target detected -> MOVE
[12:26:47] INFO: 0.76 19,6,593,464
[12:26:48] INFO: People: 1
[12:26:48] INFO: Target detected -> MOVE
[12:26:48] INFO: 0.75 15,7,597,465
[12:26:49] INFO: People: 1
[12:26:49] INFO: Target detected -> MOVE
[12:26:49] INFO: 0.74 9,8,593,462
[12:26:49] INFO: People: 1
[12:26:49] INFO: Target detected -> MOVE
[12:26:49] INFO: 0.76 21,9,590,459
[12:26:50] INFO: People: 1
[12:26:50] INFO: Target detected -> MOVE
[12:26:50] INFO: 0.75 22,6,584,464
[12:26:51] INFO: People: 1
[12:26:51] INFO: Target detected -> MOVE
[12:26:51] INFO: 0.74 28,8,579,462
[12:26:51] INFO: People: 1
[12:26:51] INFO: Target detected -> MOVE
[12:26:51] INFO: 0.71 16,6,595,466
[12:26:52] INFO: People: 1
[12:26:52] INFO: Target detected -> MOVE
[12:26:52] INFO: 0.75 14,7,599,462
[12:26:53] INFO: People: 1
[12:26:53] INFO: Target detected -> MOVE
[12:26:53] INFO: 0.79 18,7,588,464
[12:26:53] INFO: People: 1
[12:26:53] INFO: Target detected -> MOVE
[12:26:53] INFO: 0.70 18,9,596,460
[12:26:54] INFO: People: 1
[12:26:54] INFO: Target detected -> MOVE
[12:26:54] INFO: 0.71 21,9,596,459
[12:26:55] INFO: People: 1
[12:26:55] INFO: Target detected -> MOVE
[12:26:55] INFO: 0.73 39,6,572,465
[12:26:55] INFO: People: 1
[12:26:55] INFO: Target detected -> MOVE
[12:26:55] INFO: 0.61 26,6,584,465
[12:26:56] INFO: People: 1
[12:26:56] INFO: Target detected -> MOVE
[12:26:56] INFO: 0.66 42,8,571,461
[12:26:57] INFO: People: 1
[12:26:57] INFO: Target detected -> MOVE
[12:26:57] INFO: 0.74 22,6,596,465
[12:26:57] INFO: People: 1
[12:26:57] INFO: Target detected -> MOVE
[12:26:57] INFO: 0.78 23,6,593,464
[12:26:58] INFO: People: 1
[12:26:58] INFO: Target detected -> MOVE
[12:26:58] INFO: 0.75 24,7,593,464
[12:26:58] INFO: People: 0
[12:26:58] INFO: No target -> STOP
[12:26:59] INFO: People: 1
[12:26:59] INFO: Target detected -> MOVE
[12:26:59] INFO: 0.75 7,8,612,462
[12:27:00] INFO: People: 1
[12:27:00] INFO: Target detected -> MOVE
[12:27:00] INFO: 0.76 17,5,601,465
[12:27:00] INFO: People: 1
[12:27:00] INFO: Target detected -> MOVE
[12:27:00] INFO: 0.49 14,7,602,464
[12:27:01] INFO: People: 1
[12:27:01] INFO: Target detected -> MOVE
[12:27:01] INFO: 0.47 15,4,597,467
[12:27:02] INFO: People: 0
[12:27:02] INFO: No target -> STOP
[12:27:02] INFO: People: 1
[12:27:02] INFO: Target detected -> MOVE
[12:27:02] INFO: 0.76 8,3,612,468
[12:27:03] INFO: People: 1
[12:27:03] INFO: Target detected -> MOVE
[12:27:03] INFO: 0.52 7,6,608,465
[12:27:04] INFO: People: 1
[12:27:04] INFO: Target detected -> MOVE
[12:27:04] INFO: 0.75 9,4,609,467
[12:27:04] INFO: People: 1
[12:27:04] INFO: Target detected -> MOVE
[12:27:04] INFO: 0.70 10,6,604,465
[12:27:05] INFO: People: 1
[12:27:05] INFO: Target detected -> MOVE
[12:27:05] INFO: 0.72 19,5,603,464
[12:27:06] INFO: People: 1
[12:27:06] INFO: Target detected -> MOVE
[12:27:06] INFO: 0.83 1,6,636,464
[12:27:06] INFO: People: 1
[12:27:06] INFO: Target detected -> MOVE
[12:27:06] INFO: 0.83 2,7,636,460
[12:27:07] INFO: People: 1
[12:27:07] INFO: Target detected -> MOVE
[12:27:07] INFO: 0.88 2,6,636,464
[12:27:07] INFO: People: 1
[12:27:07] INFO: Target detected -> MOVE
[12:27:07] INFO: 0.86 1,7,636,462
[12:27:08] INFO: People: 1
[12:27:08] INFO: Target detected -> MOVE
[12:27:08] INFO: 0.81 3,9,633,460
[12:27:09] INFO: People: 1
[12:27:09] INFO: Target detected -> MOVE
[12:27:09] INFO: 0.83 3,8,634,462
[12:27:09] INFO: People: 1
[12:27:09] INFO: Target detected -> MOVE
[12:27:09] INFO: 0.83 3,8,633,460
[12:27:10] INFO: People: 1
[12:27:10] INFO: Target detected -> MOVE
[12:27:10] INFO: 0.80 3,7,633,462
[12:27:11] INFO: People: 1
[12:27:11] INFO: Target detected -> MOVE
[12:27:11] INFO: 0.84 5,9,632,462
[12:27:11] INFO: People: 1
[12:27:11] INFO: Target detected -> MOVE
[12:27:11] INFO: 0.81 5,9,630,461
[12:27:12] INFO: People: 1
[12:27:12] INFO: Target detected -> MOVE
[12:27:12] INFO: 0.78 2,9,632,461
[12:27:13] INFO: People: 1
[12:27:13] INFO: Target detected -> MOVE
[12:27:13] INFO: 0.79 3,10,629,462
[12:27:13] INFO: People: 1
[12:27:13] INFO: Target detected -> MOVE
[12:27:13] INFO: 0.81 15,6,619,464
[12:27:14] INFO: People: 1
[12:27:14] INFO: Target detected -> MOVE
[12:27:14] INFO: 0.84 48,7,585,463
[12:27:15] INFO: People: 1
[12:27:15] INFO: Target detected -> MOVE
[12:27:15] INFO: 0.84 12,6,625,465
[12:27:15] INFO: People: 1
[12:27:15] INFO: Target detected -> MOVE
[12:27:15] INFO: 0.87 5,5,632,466
[12:27:16] INFO: People: 1
[12:27:16] INFO: Target detected -> MOVE
[12:27:16] INFO: 0.88 4,7,632,465
[12:27:17] INFO: People: 1
[12:27:17] INFO: Target detected -> MOVE
[12:27:17] INFO: 0.88 9,4,627,466
[12:27:17] INFO: People: 1
[12:27:17] INFO: Target detected -> MOVE
[12:27:17] INFO: 0.86 7,6,629,465
[12:27:18] INFO: People: 1
[12:27:18] INFO: Target detected -> MOVE
[12:27:18] INFO: 0.86 10,3,628,468
[12:27:19] INFO: People: 1
[12:27:19] INFO: Target detected -> MOVE
[12:27:19] INFO: 0.84 6,3,630,468
[12:27:19] INFO: People: 1
[12:27:19] INFO: Target detected -> MOVE
[12:27:19] INFO: 0.80 5,7,632,466
[12:27:20] INFO: People: 1
[12:27:20] INFO: Target detected -> MOVE
[12:27:20] INFO: 0.82 3,4,632,466
[12:27:20] INFO: People: 1
[12:27:20] INFO: Target detected -> MOVE
[12:27:20] INFO: 0.86 6,4,631,468
[12:27:21] INFO: People: 1
[12:27:21] INFO: Target detected -> MOVE
[12:27:21] INFO: 0.86 8,5,626,466
[12:27:22] INFO: People: 1
[12:27:22] INFO: Target detected -> MOVE
[12:27:22] INFO: 0.87 4,4,633,468
[12:27:22] INFO: People: 1
[12:27:22] INFO: Target detected -> MOVE
[12:27:22] INFO: 0.87 3,3,634,468
[12:27:23] INFO: People: 1
[12:27:23] INFO: Target detected -> MOVE
[12:27:23] INFO: 0.85 25,7,608,464
[12:27:24] INFO: People: 1
[12:27:24] INFO: Target detected -> MOVE
[12:27:24] INFO: 0.79 8,9,627,462
[12:27:24] INFO: People: 1
[12:27:24] INFO: Target detected -> MOVE
[12:27:24] INFO: 0.86 3,9,634,462
[12:27:25] INFO: People: 1
[12:27:25] INFO: Target detected -> MOVE
[12:27:25] INFO: 0.83 7,5,631,464
[12:27:26] INFO: People: 1
[12:27:26] INFO: Target detected -> MOVE
[12:27:26] INFO: 0.84 2,5,635,463
[12:27:26] INFO: People: 1
[12:27:26] INFO: Target detected -> MOVE
[12:27:26] INFO: 0.78 3,8,634,462
[12:27:27] INFO: People: 1
[12:27:27] INFO: Target detected -> MOVE
[12:27:27] INFO: 0.64 3,8,633,460
[12:27:28] INFO: People: 1
[12:27:28] INFO: Target detected -> MOVE
[12:27:28] INFO: 0.83 3,5,633,465
[12:27:28] INFO: People: 1
[12:27:28] INFO: Target detected -> MOVE
[12:27:28] INFO: 0.82 4,9,630,463
[12:27:29] INFO: People: 1
[12:27:29] INFO: Target detected -> MOVE
[12:27:29] INFO: 0.85 23,6,612,465
[12:27:30] INFO: People: 1
[12:27:30] INFO: Target detected -> MOVE
[12:27:30] INFO: 0.77 6,7,630,461
[12:27:30] INFO: People: 1
[12:27:30] INFO: Target detected -> MOVE
[12:27:30] INFO: 0.88 2,4,624,467
[12:27:31] INFO: People: 1
[12:27:31] INFO: Target detected -> MOVE
[12:27:31] INFO: 0.65 42,9,591,462
[12:27:32] INFO: People: 1
[12:27:32] INFO: Target detected -> MOVE
[12:27:32] INFO: 0.51 99,14,385,458
[12:27:32] INFO: People: 1
[12:27:32] INFO: Target detected -> MOVE
[12:27:32] INFO: 0.81 37,5,601,466
[12:27:33] INFO: People: 1
[12:27:33] INFO: Target detected -> MOVE
[12:27:33] INFO: 0.73 77,7,560,466
[12:27:34] INFO: People: 1
[12:27:34] INFO: Target detected -> MOVE
[12:27:34] INFO: 0.71 71,13,565,458
[12:27:34] INFO: People: 0
[12:27:34] INFO: No target -> STOP
[12:27:35] INFO: People: 1
[12:27:35] INFO: Target detected -> MOVE
[12:27:35] INFO: 0.62 3,0,625,473
[12:27:36] INFO: People: 1
[12:27:36] INFO: Target detected -> MOVE
[12:27:36] INFO: 0.68 36,0,599,474
[12:27:36] INFO: People: 2
[12:27:36] INFO: Target detected -> MOVE
[12:27:36] INFO: 0.90 58,5,572,469
[12:27:36] INFO: 0.46 0,256,78,217
[12:27:37] INFO: People: 1
[12:27:37] INFO: Target detected -> MOVE
[12:27:37] INFO: 0.80 38,0,598,473
[12:27:38] INFO: People: 2
[12:27:38] INFO: Target detected -> MOVE
[12:27:38] INFO: 0.84 61,11,542,462
[12:27:38] INFO: 0.58 0,257,101,217
[12:27:38] INFO: People: 1
[12:27:38] INFO: Target detected -> MOVE
[12:27:38] INFO: 0.88 56,13,565,460
[12:27:39] INFO: People: 1
[12:27:39] INFO: Target detected -> MOVE
[12:27:39] INFO: 0.86 72,10,553,465
[12:27:39] INFO: People: 1
[12:27:39] INFO: Target detected -> MOVE
[12:27:39] INFO: 0.50 52,6,586,465
[12:27:40] INFO: People: 1
[12:27:40] INFO: Target detected -> MOVE
[12:27:40] INFO: 0.78 45,6,592,464
[12:27:41] INFO: People: 1
[12:27:41] INFO: Target detected -> MOVE
[12:27:41] INFO: 0.89 31,6,606,468
[12:27:41] INFO: People: 1
[12:27:41] INFO: Target detected -> MOVE
[12:27:41] INFO: 0.77 72,12,560,461
[12:27:42] INFO: People: 1
[12:27:42] INFO: Target detected -> MOVE
[12:27:42] INFO: 0.87 3,15,612,457
[12:27:43] INFO: People: 1
[12:27:43] INFO: Target detected -> MOVE
[12:27:43] INFO: 0.80 3,9,535,462
[12:27:43] INFO: People: 2
[12:27:43] INFO: Target detected -> MOVE
[12:27:43] INFO: 0.87 163,75,474,398
[12:27:43] INFO: 0.62 0,267,100,208
[12:27:44] INFO: People: 1
[12:27:44] INFO: Target detected -> MOVE
[12:27:44] INFO: 0.55 0,260,100,214
[12:27:45] INFO: People: 1
[12:27:45] INFO: Target detected -> MOVE
[12:27:45] INFO: 0.52 0,258,101,216
[12:27:45] INFO: People: 1
[12:27:45] INFO: Target detected -> MOVE
[12:27:45] INFO: 0.57 0,264,100,210
[12:27:46] INFO: People: 0
[12:27:46] INFO: No target -> STOP
[12:27:47] INFO: People: 0
[12:27:47] INFO: No target -> STOP
[12:27:47] INFO: People: 1
[12:27:47] INFO: Target detected -> MOVE
[12:27:47] INFO: 0.58 99,207,368,267
[12:27:48] INFO: People: 1
[12:27:48] INFO: Target detected -> MOVE
[12:27:48] INFO: 0.55 0,263,100,211
[12:27:49] INFO: People: 0
[12:27:49] INFO: No target -> STOP
[12:27:49] INFO: People: 1
[12:27:49] INFO: Target detected -> MOVE
[12:27:49] INFO: 0.64 0,263,100,211
[12:27:50] INFO: People: 1
[12:27:50] INFO: Target detected -> MOVE
[12:27:50] INFO: 0.53 188,217,388,258
[12:27:51] INFO: People: 1
[12:27:51] INFO: Target detected -> MOVE
[12:27:51] INFO: 0.68 0,264,100,210
[12:27:52] INFO: People: 1
[12:27:52] INFO: Target detected -> MOVE
[12:27:52] INFO: 0.52 0,261,99,213
[12:27:52] INFO: People: 2
[12:27:52] INFO: Target detected -> MOVE
[12:27:52] INFO: 0.59 0,264,102,210
[12:27:52] INFO: 0.51 197,219,367,256
[12:27:53] INFO: People: 0
[12:27:53] INFO: No target -> STOP
[12:27:54] INFO: People: 2
[12:27:54] INFO: Target detected -> MOVE
[12:27:54] INFO: 0.65 0,263,101,211
[12:27:54] INFO: 0.49 196,218,369,256
[12:27:54] INFO: People: 2
[12:27:54] INFO: Target detected -> MOVE
[12:27:54] INFO: 0.56 139,189,438,285
[12:27:54] INFO: 0.55 0,259,100,215
[12:27:55] INFO: People: 2
[12:27:55] INFO: Target detected -> MOVE
[12:27:55] INFO: 0.64 95,116,493,357
[12:27:55] INFO: 0.55 0,265,99,209
[12:27:56] INFO: People: 1
[12:27:56] INFO: Target detected -> MOVE
[12:27:56] INFO: 0.72 67,96,562,377
[12:27:56] INFO: People: 1
[12:27:56] INFO: Target detected -> MOVE
[12:27:56] INFO: 0.54 67,72,563,400
[12:27:57] INFO: People: 1
[12:27:57] INFO: Target detected -> MOVE
[12:27:57] INFO: 0.88 16,14,622,457
[12:27:58] INFO: People: 1
[12:27:58] INFO: Target detected -> MOVE
[12:27:58] INFO: 0.89 10,14,628,457
[12:27:58] INFO: People: 1
[12:27:58] INFO: Target detected -> MOVE
[12:27:58] INFO: 0.86 12,14,626,458
[12:27:59] INFO: People: 1
[12:27:59] INFO: Target detected -> MOVE
[12:27:59] INFO: 0.86 10,15,628,457
[12:28:00] INFO: People: 1
[12:28:00] INFO: Target detected -> MOVE
[12:28:00] INFO: 0.71 16,14,622,457
[12:28:00] INFO: People: 2
[12:28:00] INFO: Target detected -> MOVE
[12:28:00] INFO: 0.87 10,17,628,455
[12:28:00] INFO: 0.45 0,264,81,209
[12:28:01] INFO: People: 1
[12:28:01] INFO: Target detected -> MOVE
[12:28:01] INFO: 0.86 14,23,624,449
[12:28:02] INFO: People: 1
[12:28:02] INFO: Target detected -> MOVE
[12:28:02] INFO: 0.81 14,16,624,455
[12:28:02] INFO: People: 1
[12:28:02] INFO: Target detected -> MOVE
[12:28:02] INFO: 0.84 19,35,614,437
[12:28:03] INFO: People: 1
[12:28:03] INFO: Target detected -> MOVE
[12:28:03] INFO: 0.86 62,42,576,431
[12:28:04] INFO: People: 1
[12:28:04] INFO: Target detected -> MOVE
[12:28:04] INFO: 0.79 28,44,610,428
[12:28:04] INFO: People: 1
[12:28:04] INFO: Target detected -> MOVE
[12:28:04] INFO: 0.83 39,42,599,431
[12:28:05] INFO: People: 1
[12:28:05] INFO: Target detected -> MOVE
[12:28:05] INFO: 0.80 32,52,604,420
[12:28:06] INFO: People: 1
[12:28:06] INFO: Target detected -> MOVE
[12:28:06] INFO: 0.84 30,44,607,429
[12:28:06] INFO: People: 1
[12:28:06] INFO: Target detected -> MOVE
[12:28:06] INFO: 0.82 22,13,616,459
[12:28:07] INFO: People: 2
[12:28:07] INFO: Target detected -> MOVE
[12:28:07] INFO: 0.89 21,29,616,443
[12:28:07] INFO: 0.60 0,265,80,209
[12:28:08] INFO: People: 2
[12:28:08] INFO: Target detected -> MOVE
[12:28:08] INFO: 0.86 21,27,617,445
[12:28:08] INFO: 0.49 0,264,81,209
[12:28:08] INFO: People: 1
[12:28:08] INFO: Target detected -> MOVE
[12:28:08] INFO: 0.80 20,38,618,434
[12:28:09] INFO: People: 1
[12:28:09] INFO: Target detected -> MOVE
[12:28:09] INFO: 0.86 11,31,626,442
[12:28:10] INFO: People: 1
[12:28:10] INFO: Target detected -> MOVE
[12:28:10] INFO: 0.86 8,39,629,433
[12:28:10] INFO: People: 2
[12:28:10] INFO: Target detected -> MOVE
[12:28:10] INFO: 0.85 12,44,626,430
[12:28:10] INFO: 0.47 0,266,83,207
[12:28:11] INFO: People: 2
[12:28:11] INFO: Target detected -> MOVE
[12:28:11] INFO: 0.84 12,41,626,431
[12:28:11] INFO: 0.46 0,264,81,210
[12:28:12] INFO: People: 1
[12:28:12] INFO: Target detected -> MOVE
[12:28:12] INFO: 0.83 6,42,632,431
[12:28:13] INFO: People: 1
[12:28:13] INFO: Target detected -> MOVE
[12:28:13] INFO: 0.88 7,41,631,432
[12:28:13] INFO: People: 1
[12:28:13] INFO: Target detected -> MOVE
[12:28:13] INFO: 0.86 25,44,611,429
[12:28:14] INFO: People: 1
[12:28:14] INFO: Target detected -> MOVE
[12:28:14] INFO: 0.85 20,58,617,415
[12:28:15] INFO: People: 2
[12:28:15] INFO: Target detected -> MOVE
[12:28:15] INFO: 0.86 98,52,540,421
[12:28:15] INFO: 0.75 0,267,100,207
[12:28:15] INFO: People: 2
[12:28:15] INFO: Target detected -> MOVE
[12:28:15] INFO: 0.83 121,40,517,432
[12:28:15] INFO: 0.70 0,265,100,209
[12:28:16] INFO: People: 2
[12:28:16] INFO: Target detected -> MOVE
[12:28:16] INFO: 0.84 121,47,517,426
[12:28:16] INFO: 0.58 0,263,100,211
[12:28:17] INFO: People: 2
[12:28:17] INFO: Target detected -> MOVE
[12:28:17] INFO: 0.89 115,53,523,420
[12:28:17] INFO: 0.72 0,266,99,208
[12:28:17] INFO: People: 2
[12:28:17] INFO: Target detected -> MOVE
[12:28:17] INFO: 0.87 118,53,520,420
[12:28:17] INFO: 0.71 0,266,100,209
[12:28:18] INFO: People: 2
[12:28:18] INFO: Target detected -> MOVE
[12:28:18] INFO: 0.88 121,62,517,411
[12:28:18] INFO: 0.82 0,267,100,208
[12:28:19] INFO: People: 2
[12:28:19] INFO: Target detected -> MOVE
[12:28:19] INFO: 0.90 125,66,512,408
[12:28:19] INFO: 0.59 0,263,100,211
[12:28:19] INFO: People: 2
[12:28:19] INFO: Target detected -> MOVE
[12:28:19] INFO: 0.87 123,66,515,407
[12:28:19] INFO: 0.70 0,264,100,210
[12:28:20] INFO: People: 2
[12:28:20] INFO: Target detected -> MOVE
[12:28:20] INFO: 0.88 112,51,526,421
[12:28:20] INFO: 0.58 0,265,100,209
[12:28:20] INFO: People: 2
[12:28:20] INFO: Target detected -> MOVE
[12:28:20] INFO: 0.84 81,42,557,431
[12:28:20] INFO: 0.55 0,262,99,212
[12:28:21] INFO: People: 2
[12:28:21] INFO: Target detected -> MOVE
[12:28:21] INFO: 0.89 56,34,582,438
[12:28:21] INFO: 0.47 0,256,83,218
[12:28:22] INFO: People: 2
[12:28:22] INFO: Target detected -> MOVE
[12:28:22] INFO: 0.87 77,45,559,428
[12:28:22] INFO: 0.48 0,268,87,205
[12:28:22] INFO: People: 1
[12:28:22] INFO: Target detected -> MOVE
[12:28:22] INFO: 0.88 78,51,558,421
[12:28:23] INFO: People: 2
[12:28:23] INFO: Target detected -> MOVE
[12:28:23] INFO: 0.87 107,85,494,389
[12:28:23] INFO: 0.72 0,277,111,198
[12:28:24] INFO: People: 2
[12:28:24] INFO: Target detected -> MOVE
[12:28:24] INFO: 0.72 114,153,418,322
[12:28:24] INFO: 0.48 0,254,97,219
[12:28:24] INFO: People: 0
[12:28:24] INFO: No target -> STOP
[12:28:25] INFO: People: 2
[12:28:25] INFO: Target detected -> MOVE
[12:28:25] INFO: 0.68 0,273,106,202
[12:28:25] INFO: 0.49 401,5,237,467
[12:28:26] INFO: People: 1
[12:28:26] INFO: Target detected -> MOVE
[12:28:26] INFO: 0.54 0,271,104,204
[12:28:26] INFO: People: 1
[12:28:26] INFO: Target detected -> MOVE
[12:28:26] INFO: 0.70 0,271,104,203
[12:28:27] INFO: People: 1
[12:28:27] INFO: Target detected -> MOVE
[12:28:27] INFO: 0.58 0,267,105,207
[12:28:54] ERROR: Arduino connection failed: [Errno 2] could not open port /dev/ttyACM0: [Errno 2] No such file or directory: '/dev/ttyACM0'
[12:28:54] INFO: YOLO detector initialized.
[12:28:55] INFO: Camera started (640x480)
[12:28:55] INFO: Detector running...
[12:28:56] INFO: First 5 raw detections:
[12:28:56] INFO: [ 83.294464   141.75067    636.8678     553.5832       0.78543746
   0.        ]
[12:28:56] INFO: [ 31.120777    81.90752    108.37433    194.41026      0.37533993
  40.        ]
[12:28:56] INFO: [0. 0. 0. 0. 0. 0.]
[12:28:56] INFO: [0. 0. 0. 0. 0. 0.]
[12:28:56] INFO: [0. 0. 0. 0. 0. 0.]
[12:28:56] INFO: People: 1
[12:28:56] INFO: Target detected -> MOVE
[12:28:56] INFO: 0.79 83,61,553,411
[12:28:57] INFO: People: 1
[12:28:57] INFO: Target detected -> MOVE
[12:28:57] INFO: 0.86 78,12,559,460
[12:28:57] INFO: People: 1
[12:28:57] INFO: Target detected -> MOVE
[12:28:57] INFO: 0.87 59,7,578,466
[12:28:58] INFO: People: 1
[12:28:58] INFO: Target detected -> MOVE
[12:28:58] INFO: 0.87 58,10,579,462
[12:28:58] INFO: People: 1
[12:28:58] INFO: Target detected -> MOVE
[12:28:58] INFO: 0.82 49,8,587,464
[12:28:59] INFO: People: 1
[12:28:59] INFO: Target detected -> MOVE
[12:28:59] INFO: 0.75 54,7,583,465
[12:29:00] INFO: People: 1
[12:29:00] INFO: Target detected -> MOVE
[12:29:00] INFO: 0.85 53,6,583,466
[12:29:00] INFO: People: 1
[12:29:00] INFO: Target detected -> MOVE
[12:29:00] INFO: 0.85 55,8,580,463
[12:29:01] INFO: People: 1
[12:29:01] INFO: Target detected -> MOVE
[12:29:01] INFO: 0.83 59,7,575,466
[12:29:01] INFO: People: 1
[12:29:01] INFO: Target detected -> MOVE
[12:29:01] INFO: 0.74 60,9,578,462
[12:29:02] INFO: People: 1
[12:29:02] INFO: Target detected -> MOVE
[12:29:02] INFO: 0.76 59,8,575,463
[12:29:02] INFO: People: 1
[12:29:02] INFO: Target detected -> MOVE
[12:29:02] INFO: 0.86 56,7,558,464
[12:30:55] INFO: People: 1
[12:30:55] INFO: Target detected -> MOVE
[12:30:55] INFO: 0.77 53,6,569,467
[12:30:55] INFO: People: 1
[12:30:55] INFO: Target detected -> MOVE
[12:30:55] INFO: 0.74 53,4,567,467
[12:30:56] INFO: People: 1
[12:30:56] INFO: Target detected -> MOVE
[12:30:56] INFO: 0.86 53,5,572,466
[12:30:56] INFO: People: 1
[12:30:56] INFO: Target detected -> MOVE
[12:30:56] INFO: 0.78 64,8,551,463
[12:30:57] INFO: People: 1
[12:30:57] INFO: Target detected -> MOVE
[12:30:57] INFO: 0.68 58,11,558,459
[12:30:58] INFO: People: 1
[12:30:58] INFO: Target detected -> MOVE
[12:30:58] INFO: 0.77 44,6,575,465
[12:30:58] INFO: People: 1
[12:30:58] INFO: Target detected -> MOVE
[12:30:58] INFO: 0.77 53,7,558,465
[12:30:59] INFO: People: 1
[12:30:59] INFO: Target detected -> MOVE
[12:30:59] INFO: 0.59 64,6,548,465
[12:30:59] INFO: People: 1
[12:30:59] INFO: Target detected -> MOVE
[12:30:59] INFO: 0.79 45,6,574,466
[12:31:00] INFO: People: 1
[12:31:00] INFO: Target detected -> MOVE
[12:31:00] INFO: 0.73 53,8,561,463
[12:31:00] INFO: People: 1
[12:31:00] INFO: Target detected -> MOVE
[12:31:00] INFO: 0.70 32,9,572,460
[12:31:01] INFO: People: 1
[12:31:01] INFO: Target detected -> MOVE
[12:31:01] INFO: 0.82 47,7,556,464
[12:31:02] INFO: People: 1
[12:31:02] INFO: Target detected -> MOVE
[12:31:02] INFO: 0.81 50,10,563,458
[12:31:02] INFO: People: 1
[12:31:02] INFO: Target detected -> MOVE
[12:31:02] INFO: 0.87 28,9,578,460
[12:31:03] INFO: People: 1
[12:31:03] INFO: Target detected -> MOVE
[12:31:03] INFO: 0.78 29,7,582,464
[12:31:03] INFO: People: 1
[12:31:03] INFO: Target detected -> MOVE
[12:31:03] INFO: 0.80 42,10,562,457
[12:31:04] INFO: People: 1
[12:31:04] INFO: Target detected -> MOVE
[12:31:04] INFO: 0.71 45,9,555,463
[12:31:04] INFO: People: 1
[12:31:04] INFO: Target detected -> MOVE
[12:31:04] INFO: 0.70 56,8,556,464
[12:31:05] INFO: People: 1
[12:31:05] INFO: Target detected -> MOVE
[12:31:05] INFO: 0.73 37,11,580,461
[12:31:06] INFO: People: 0
[12:31:06] INFO: No target -> STOP
[12:31:06] INFO: People: 1
[12:31:06] INFO: Target detected -> MOVE
[12:31:06] INFO: 0.79 47,10,524,465
[12:31:07] INFO: People: 1
[12:31:07] INFO: Target detected -> MOVE
[12:31:07] INFO: 0.89 39,7,557,468
[12:31:07] INFO: People: 1
[12:31:07] INFO: Target detected -> MOVE
[12:31:07] INFO: 0.87 43,10,585,466
[12:31:08] INFO: People: 1
[12:31:08] INFO: Target detected -> MOVE
[12:31:08] INFO: 0.89 34,6,603,469
[12:31:08] INFO: People: 1
[12:31:08] INFO: Target detected -> MOVE
[12:31:08] INFO: 0.90 58,4,577,471
[12:31:09] INFO: People: 1
[12:31:09] INFO: Target detected -> MOVE
[12:31:09] INFO: 0.87 24,0,614,476
[12:31:10] INFO: People: 1
[12:31:10] INFO: Target detected -> MOVE
[12:31:10] INFO: 0.81 50,4,575,471
[12:31:10] INFO: People: 1
[12:31:10] INFO: Target detected -> MOVE
[12:31:10] INFO: 0.82 37,1,601,475
[12:31:11] INFO: People: 1
[12:31:11] INFO: Target detected -> MOVE
[12:31:11] INFO: 0.84 40,2,596,473
[12:31:11] INFO: People: 1
[12:31:11] INFO: Target detected -> MOVE
[12:31:11] INFO: 0.89 11,2,627,472
[12:31:12] INFO: People: 1
[12:31:12] INFO: Target detected -> MOVE
[12:31:12] INFO: 0.84 11,2,626,473
[12:31:12] INFO: People: 1
[12:31:12] INFO: Target detected -> MOVE
[12:31:12] INFO: 0.87 14,3,624,471
[12:31:13] INFO: People: 1
[12:31:13] INFO: Target detected -> MOVE
[12:31:13] INFO: 0.88 13,2,625,471
[12:31:14] INFO: People: 1
[12:31:14] INFO: Target detected -> MOVE
[12:31:14] INFO: 0.85 30,1,608,474
[12:31:14] INFO: People: 1
[12:31:14] INFO: Target detected -> MOVE
[12:31:14] INFO: 0.85 22,4,614,471
[12:31:15] INFO: People: 1
[12:31:15] INFO: Target detected -> MOVE
[12:31:15] INFO: 0.88 12,6,626,469
[12:31:15] INFO: People: 1
[12:31:15] INFO: Target detected -> MOVE
[12:31:15] INFO: 0.87 32,1,606,474
[12:31:16] INFO: People: 1
[12:31:16] INFO: Target detected -> MOVE
[12:31:16] INFO: 0.82 1,7,629,466
[12:31:16] INFO: People: 1
[12:31:16] INFO: Target detected -> MOVE
[12:31:16] INFO: 0.88 9,5,628,469
[12:31:17] INFO: People: 1
[12:31:17] INFO: Target detected -> MOVE
[12:31:17] INFO: 0.92 19,6,619,467
[12:31:18] INFO: People: 1
[12:31:18] INFO: Target detected -> MOVE
[12:31:18] INFO: 0.89 8,4,629,468
[12:31:18] INFO: People: 1
[12:31:18] INFO: Target detected -> MOVE
[12:31:18] INFO: 0.89 8,4,630,468
[12:31:19] INFO: People: 1
[12:31:19] INFO: Target detected -> MOVE
[12:31:19] INFO: 0.90 5,5,633,468
[12:31:19] INFO: People: 1
[12:31:19] INFO: Target detected -> MOVE
[12:31:19] INFO: 0.89 5,5,633,468
[12:31:20] INFO: People: 1
[12:31:20] INFO: Target detected -> MOVE
[12:31:20] INFO: 0.90 7,5,631,468
[12:31:20] INFO: People: 1
[12:31:20] INFO: Target detected -> MOVE
[12:31:20] INFO: 0.90 7,4,630,468
[12:31:21] INFO: People: 1
[12:31:21] INFO: Target detected -> MOVE
[12:31:21] INFO: 0.90 7,4,631,469
[12:31:22] INFO: People: 1
[12:31:22] INFO: Target detected -> MOVE
[12:31:22] INFO: 0.92 7,4,631,468
[12:31:22] INFO: People: 1
[12:31:22] INFO: Target detected -> MOVE
[12:31:22] INFO: 0.90 15,5,623,467
[12:31:23] INFO: People: 1
[12:31:23] INFO: Target detected -> MOVE
[12:31:23] INFO: 0.90 9,7,629,465
[12:31:23] INFO: People: 1
[12:31:23] INFO: Target detected -> MOVE
[12:31:23] INFO: 0.90 13,7,625,466
[12:31:24] INFO: People: 1
[12:31:24] INFO: Target detected -> MOVE
[12:31:24] INFO: 0.85 22,6,607,462
[12:31:24] INFO: People: 1
[12:31:24] INFO: Target detected -> MOVE
[12:31:24] INFO: 0.88 4,4,632,465
[12:31:25] INFO: People: 1
[12:31:25] INFO: Target detected -> MOVE
[12:31:25] INFO: 0.88 8,3,629,467
[12:31:26] INFO: People: 1
[12:31:26] INFO: Target detected -> MOVE
[12:31:26] INFO: 0.87 3,7,634,463
[12:31:27] INFO: People: 1
[12:31:27] INFO: Target detected -> MOVE
[12:31:27] INFO: 0.85 34,5,600,464
[12:31:27] INFO: People: 1
[12:31:27] INFO: Target detected -> MOVE
[12:31:27] INFO: 0.84 16,7,622,463
[12:31:28] INFO: People: 1
[12:31:28] INFO: Target detected -> MOVE
[12:31:28] INFO: 0.85 34,8,597,462
[12:31:29] INFO: People: 1
[12:31:29] INFO: Target detected -> MOVE
[12:31:29] INFO: 0.86 22,5,610,465
[12:31:29] INFO: People: 1
[12:31:29] INFO: Target detected -> MOVE
[12:31:29] INFO: 0.86 26,3,609,468
[12:31:30] INFO: People: 1
[12:31:30] INFO: Target detected -> MOVE
[12:31:30] INFO: 0.86 4,3,633,466
[12:31:30] INFO: People: 1
[12:31:30] INFO: Target detected -> MOVE
[12:31:30] INFO: 0.88 4,3,632,467
[12:31:31] INFO: People: 1
[12:31:31] INFO: Target detected -> MOVE
[12:31:31] INFO: 0.90 4,5,633,465
[12:31:32] INFO: People: 1
[12:31:32] INFO: Target detected -> MOVE
[12:31:32] INFO: 0.90 4,4,633,465
[12:31:32] INFO: People: 1
[12:31:32] INFO: Target detected -> MOVE
[12:31:32] INFO: 0.86 3,3,632,467
[12:31:33] INFO: People: 1
[12:31:33] INFO: Target detected -> MOVE
[12:31:33] INFO: 0.86 8,3,627,467
[12:31:33] INFO: People: 1
[12:31:33] INFO: Target detected -> MOVE
[12:31:33] INFO: 0.86 3,5,635,465
[12:31:34] INFO: People: 1
[12:31:34] INFO: Target detected -> MOVE
[12:31:34] INFO: 0.88 8,6,628,463
[12:31:34] INFO: People: 1
[12:31:34] INFO: Target detected -> MOVE
[12:31:34] INFO: 0.85 7,4,631,467
[12:31:35] INFO: People: 1
[12:31:35] INFO: Target detected -> MOVE
[12:31:35] INFO: 0.90 5,5,633,465
[12:31:36] INFO: People: 1
[12:31:36] INFO: Target detected -> MOVE
[12:31:36] INFO: 0.88 5,7,631,463
[12:31:36] INFO: People: 1
[12:31:36] INFO: Target detected -> MOVE
[12:31:36] INFO: 0.88 5,7,633,463
[12:31:37] INFO: People: 1
[12:31:37] INFO: Target detected -> MOVE
[12:31:37] INFO: 0.85 10,7,625,462
[12:31:37] INFO: People: 1
[12:31:37] INFO: Target detected -> MOVE
[12:31:37] INFO: 0.86 6,7,628,463
[12:31:38] INFO: People: 1
[12:31:38] INFO: Target detected -> MOVE
[12:31:38] INFO: 0.88 3,6,631,463
[12:31:38] INFO: People: 1
[12:31:38] INFO: Target detected -> MOVE
[12:31:38] INFO: 0.88 7,5,629,466
[12:31:39] INFO: People: 1
[12:31:39] INFO: Target detected -> MOVE
[12:31:39] INFO: 0.87 9,6,629,465
[12:31:40] INFO: People: 1
[12:31:40] INFO: Target detected -> MOVE
[12:31:40] INFO: 0.87 12,5,623,465
[12:31:40] INFO: People: 1
[12:31:40] INFO: Target detected -> MOVE
[12:31:40] INFO: 0.86 5,3,631,467
[12:31:41] INFO: People: 1
[12:31:41] INFO: Target detected -> MOVE
[12:31:41] INFO: 0.88 3,9,634,461
[12:31:41] INFO: People: 1
[12:31:41] INFO: Target detected -> MOVE
[12:31:41] INFO: 0.75 108,8,527,458
[12:31:42] INFO: People: 1
[12:31:42] INFO: Target detected -> MOVE
[12:31:42] INFO: 0.50 23,5,613,463
[12:31:42] INFO: People: 0
[12:31:42] INFO: No target -> STOP
[12:31:43] INFO: People: 0
[12:31:43] INFO: No target -> STOP
[12:31:44] INFO: People: 0
[12:31:44] INFO: No target -> STOP
[12:31:44] INFO: People: 0
[12:31:44] INFO: No target -> STOP
[12:31:45] INFO: People: 0
[12:31:45] INFO: No target -> STOP
[12:31:45] INFO: People: 0
[12:31:45] INFO: No target -> STOP
[12:31:46] INFO: People: 0
[12:31:46] INFO: No target -> STOP
[12:31:47] INFO: People: 1
[12:31:47] INFO: Target detected -> MOVE
[12:31:47] INFO: 0.58 170,39,300,432
[12:31:47] INFO: People: 1
[12:31:47] INFO: Target detected -> MOVE
[12:31:47] INFO: 0.75 117,129,291,343
[12:31:48] INFO: People: 1
[12:31:48] INFO: Target detected -> MOVE
[12:31:48] INFO: 0.81 160,131,279,342
[12:31:48] INFO: People: 1
[12:31:48] INFO: Target detected -> MOVE
[12:31:48] INFO: 0.74 166,134,276,338
[12:31:49] INFO: People: 1
[12:31:49] INFO: Target detected -> MOVE
[12:31:49] INFO: 0.85 169,137,273,336
[12:31:50] INFO: People: 1
[12:31:50] INFO: Target detected -> MOVE
[12:31:50] INFO: 0.87 169,140,271,334
[12:31:50] INFO: People: 1
[12:31:50] INFO: Target detected -> MOVE
[12:31:50] INFO: 0.82 163,144,268,329
[12:31:51] INFO: People: 1
[12:31:51] INFO: Target detected -> MOVE
[12:31:51] INFO: 0.76 150,146,261,327
[12:31:51] INFO: People: 1
[12:31:51] INFO: Target detected -> MOVE
[12:31:51] INFO: 0.89 139,151,268,323
[12:31:52] INFO: People: 1
[12:31:52] INFO: Target detected -> MOVE
[12:31:52] INFO: 0.86 108,156,266,319
[12:31:53] INFO: People: 1
[12:31:53] INFO: Target detected -> MOVE
[12:31:53] INFO: 0.87 59,127,252,347
[12:31:53] INFO: People: 1
[12:31:53] INFO: Target detected -> MOVE
[12:31:53] INFO: 0.91 0,132,251,341
[12:31:54] INFO: People: 1
[12:31:54] INFO: Target detected -> MOVE
[12:31:54] INFO: 0.90 0,140,216,334
[12:31:55] INFO: People: 1
[12:31:55] INFO: Target detected -> MOVE
[12:31:55] INFO: 0.91 0,138,215,336
[12:31:55] INFO: People: 1
[12:31:55] INFO: Target detected -> MOVE
[12:31:55] INFO: 0.85 19,117,296,357
[12:31:56] INFO: People: 1
[12:31:56] INFO: Target detected -> MOVE
[12:31:56] INFO: 0.82 221,51,391,421
[12:31:56] INFO: People: 0
[12:31:56] INFO: No target -> STOP
[12:31:57] INFO: People: 0
[12:31:57] INFO: No target -> STOP
[12:31:58] INFO: People: 0
[12:31:58] INFO: No target -> STOP
[12:31:58] INFO: People: 0
[12:31:58] INFO: No target -> STOP
[12:31:59] INFO: People: 0
[12:31:59] INFO: No target -> STOP
[12:31:59] INFO: People: 1
[12:31:59] INFO: Target detected -> MOVE
[12:31:59] INFO: 0.65 116,5,522,464
[12:32:00] INFO: People: 0
[12:32:00] INFO: No target -> STOP
[12:32:01] INFO: People: 1
[12:32:01] INFO: Target detected -> MOVE
[12:32:01] INFO: 0.74 33,9,605,458
[12:32:01] INFO: People: 1
[12:32:01] INFO: Target detected -> MOVE
[12:32:01] INFO: 0.64 44,10,594,456
[12:32:02] INFO: People: 1
[12:32:02] INFO: Target detected -> MOVE
[12:32:02] INFO: 0.76 40,10,597,458
[12:32:02] INFO: People: 1
[12:32:02] INFO: Target detected -> MOVE
[12:32:02] INFO: 0.68 4,9,633,456
[12:32:03] INFO: People: 1
[12:32:03] INFO: Target detected -> MOVE
[12:32:03] INFO: 0.79 3,11,634,455
[12:32:04] INFO: People: 1
[12:32:04] INFO: Target detected -> MOVE
[12:32:04] INFO: 0.76 20,10,616,459
[12:32:04] INFO: People: 1
[12:32:04] INFO: Target detected -> MOVE
[12:32:04] INFO: 0.77 10,5,628,464
[12:32:05] INFO: People: 1
[12:32:05] INFO: Target detected -> MOVE
[12:32:05] INFO: 0.88 4,8,634,460
[12:32:06] INFO: People: 1
[12:32:06] INFO: Target detected -> MOVE
[12:32:06] INFO: 0.80 19,10,613,451
[12:32:06] INFO: People: 1
[12:32:06] INFO: Target detected -> MOVE
[12:32:06] INFO: 0.72 2,7,628,449
[12:32:07] INFO: People: 1
[12:32:07] INFO: Target detected -> MOVE
[12:32:07] INFO: 0.75 66,5,568,428
[12:32:07] INFO: People: 1
[12:32:07] INFO: Target detected -> MOVE
[12:32:07] INFO: 0.82 38,7,588,460
[12:32:08] INFO: People: 1
[12:32:08] INFO: Target detected -> MOVE
[12:32:08] INFO: 0.87 56,6,581,463
[12:32:09] INFO: People: 1
[12:32:09] INFO: Target detected -> MOVE
[12:32:09] INFO: 0.87 33,6,603,462
[12:32:09] INFO: People: 1
[12:32:09] INFO: Target detected -> MOVE
[12:32:09] INFO: 0.82 10,0,624,471
[12:32:10] INFO: People: 1
[12:32:10] INFO: Target detected -> MOVE
[12:32:10] INFO: 0.90 70,6,568,467
[12:32:11] INFO: People: 1
[12:32:11] INFO: Target detected -> MOVE
[12:32:11] INFO: 0.90 66,7,572,466
[12:32:11] INFO: People: 1
[12:32:11] INFO: Target detected -> MOVE
[12:32:11] INFO: 0.90 76,3,561,470
[12:32:12] INFO: People: 1
[12:32:12] INFO: Target detected -> MOVE
[12:32:12] INFO: 0.88 74,6,564,466
[12:32:12] INFO: People: 1
[12:32:12] INFO: Target detected -> MOVE
[12:32:12] INFO: 0.85 5,6,629,462
[12:32:13] INFO: People: 1
[12:32:13] INFO: Target detected -> MOVE
[12:32:13] INFO: 0.88 12,6,623,464
[12:32:14] INFO: People: 1
[12:32:14] INFO: Target detected -> MOVE
[12:32:14] INFO: 0.87 17,4,621,467
[12:32:45] INFO: Arduino connected
[12:32:46] INFO: YOLO detector initialized.
[12:32:46] INFO: Camera started (640x480)
[12:32:46] INFO: Detector running...
[12:32:47] INFO: First 5 raw detections:
[12:32:47] INFO: [0. 0. 0. 0. 0. 0.]
[12:32:47] INFO: [0. 0. 0. 0. 0. 0.]
[12:32:47] INFO: [0. 0. 0. 0. 0. 0.]
[12:32:47] INFO: [0. 0. 0. 0. 0. 0.]
[12:32:47] INFO: [0. 0. 0. 0. 0. 0.]
[12:32:47] INFO: People: 0
[12:32:47] INFO: No target -> STOP
[12:32:48] INFO: People: 0
[12:32:48] INFO: No target -> STOP
[12:32:49] INFO: People: 0
[12:32:49] INFO: No target -> STOP
[12:32:49] INFO: People: 0
[12:32:49] INFO: No target -> STOP
[12:32:50] INFO: People: 0
[12:32:50] INFO: No target -> STOP
[12:32:51] INFO: People: 0
[12:32:51] INFO: No target -> STOP
[12:32:51] INFO: People: 0
[12:32:51] INFO: No target -> STOP
[12:32:52] INFO: People: 0
[12:32:52] INFO: No target -> STOP
[12:32:52] INFO: People: 0
[12:32:52] INFO: No target -> STOP
[12:32:53] INFO: People: 0
[12:32:53] INFO: No target -> STOP
[12:32:53] INFO: People: 0
[12:32:53] INFO: No target -> STOP
[12:32:54] INFO: People: 0
[12:32:54] INFO: No target -> STOP
[12:32:55] INFO: People: 0
[12:32:55] INFO: No target -> STOP
[12:32:55] INFO: People: 0
[12:32:55] INFO: No target -> STOP
[12:32:56] INFO: People: 0
[12:32:56] INFO: No target -> STOP
[12:32:56] INFO: People: 0
[12:32:56] INFO: No target -> STOP
[12:32:57] INFO: People: 0
[12:32:57] INFO: No target -> STOP
[12:32:58] INFO: People: 0
[12:32:58] INFO: No target -> STOP
[12:32:58] INFO: People: 0
[12:32:58] INFO: No target -> STOP
[12:32:59] INFO: People: 0
[12:32:59] INFO: No target -> STOP
[12:32:59] INFO: People: 0
[12:32:59] INFO: No target -> STOP
[12:33:00] INFO: People: 0
[12:33:00] INFO: No target -> STOP
[12:33:00] INFO: People: 0
[12:33:00] INFO: No target -> STOP
[12:33:01] INFO: People: 0
[12:33:01] INFO: No target -> STOP
[12:33:02] INFO: People: 0
[12:33:02] INFO: No target -> STOP
[12:33:02] INFO: People: 0
[12:33:02] INFO: No target -> STOP
[12:33:03] INFO: People: 0
[12:33:03] INFO: No target -> STOP
[12:33:03] INFO: People: 0
[12:33:03] INFO: No target -> STOP
[12:33:04] INFO: People: 0
[12:33:04] INFO: No target -> STOP
[12:33:04] INFO: People: 0
[12:33:04] INFO: No target -> STOP
[12:33:05] INFO: People: 0
[12:33:05] INFO: No target -> STOP
[12:33:06] INFO: People: 0
[12:33:06] INFO: No target -> STOP
[12:33:06] INFO: People: 0
[12:33:06] INFO: No target -> STOP
[12:33:07] INFO: People: 0
[12:33:07] INFO: No target -> STOP
[12:33:07] INFO: People: 0
[12:33:07] INFO: No target -> STOP
[12:33:08] INFO: People: 0
[12:33:08] INFO: No target -> STOP
[12:33:08] INFO: People: 0
[12:33:08] INFO: No target -> STOP
[12:33:09] INFO: People: 0
[12:33:09] INFO: No target -> STOP
[12:33:10] INFO: People: 0
[12:33:10] INFO: No target -> STOP
[12:33:10] INFO: People: 0
[12:33:10] INFO: No target -> STOP
[12:33:11] INFO: People: 0
[12:33:11] INFO: No target -> STOP
[12:33:11] INFO: People: 0
[12:33:11] INFO: No target -> STOP
[12:33:23] INFO: People: 1
[12:33:23] INFO: Target detected -> MOVE
[12:33:26] INFO: 0.86 108,148,336,326
[12:33:27] INFO: People: 1
[12:33:27] INFO: Target detected -> MOVE
[12:33:40] INFO: 0.61 39,12,512,459
[12:33:41] INFO: People: 1
[12:33:41] INFO: Target detected -> MOVE
[12:33:45] INFO: 0.84 41,117,517,356
[12:33:46] INFO: People: 1
[12:33:46] INFO: Target detected -> MOVE
[12:33:54] INFO: 0.86 0,1,522,467
[12:33:55] INFO: People: 0
[12:33:55] INFO: No target -> STOP
[12:34:07] INFO: People: 0
[12:34:07] INFO: No target -> STOP
[12:34:14] INFO: People: 0
[12:34:14] INFO: No target -> STOP
[12:34:37] INFO: People: 0
[12:34:37] INFO: No target -> STOP
[12:34:58] INFO: People: 0
[12:34:58] INFO: No target -> STOP
[12:35:18] INFO: People: 0
[12:35:18] INFO: No target -> STOP
[12:35:36] INFO: People: 0
[12:35:36] INFO: No target -> STOP
[12:35:39] INFO: People: 0
[12:35:39] INFO: No target -> STOP
[12:35:49] INFO: People: 0
[12:35:49] INFO: No target -> STOP
[12:36:06] INFO: People: 0
[12:36:06] INFO: No target -> STOP
[12:36:14] INFO: People: 0
[12:36:14] INFO: No target -> STOP
[12:36:29] INFO: People: 0
[12:36:29] INFO: No target -> STOP
[12:36:36] INFO: People: 0
[12:36:36] INFO: No target -> STOP
[12:36:47] INFO: People: 0
[12:36:47] INFO: No target -> STOP
[12:37:01] INFO: People: 0
[12:37:01] INFO: No target -> STOP
[12:37:14] INFO: People: 1
[12:37:14] INFO: Target detected -> MOVE
[12:37:34] INFO: 0.70 89,73,388,388
[12:37:35] INFO: People: 0
[12:37:35] INFO: No target -> STOP
[12:37:44] INFO: People: 1
[12:37:44] INFO: Target detected -> MOVE
[12:37:50] INFO: 0.64 29,75,563,395
[12:37:50] INFO: People: 1
[12:37:50] INFO: Target detected -> MOVE
[12:37:52] INFO: 0.81 33,4,494,467
[12:37:53] INFO: People: 1
[12:37:53] INFO: Target detected -> MOVE
                                                                                                   [12:37:57] INFO: Arduino connected
[12:37:57] INFO: YOLO detector initialized.
[12:37:58] INFO: Camera started (640x480)
[12:37:58] INFO: Detector running...
[12:38:00] INFO: First 5 raw detections:
[12:38:00] INFO: [1.2162952e+02 1.7868604e+02 3.4263922e+02 3.7713550e+02 2.5605172e-01
 1.5000000e+01]
[12:38:00] INFO: [0. 0. 0. 0. 0. 0.]
[12:38:00] INFO: [0. 0. 0. 0. 0. 0.]
[12:38:00] INFO: [0. 0. 0. 0. 0. 0.]
[12:38:00] INFO: [0. 0. 0. 0. 0. 0.]
[12:38:00] INFO: People: 0
[12:38:00] INFO: No target -> STOP
[12:38:01] INFO: People: 0
[12:38:01] INFO: No target -> STOP
[12:38:03] INFO: People: 0
[12:38:03] INFO: No target -> STOP
[12:38:04] INFO: People: 0
[12:38:04] INFO: No target -> STOP
[12:38:05] INFO: People: 0
[12:38:05] INFO: No target -> STOP
[12:38:06] INFO: People: 0
[12:38:06] INFO: No target -> STOP
[12:38:07] INFO: People: 0
[12:38:07] INFO: No target -> STOP
[12:38:08] INFO: People: 0
[12:38:08] INFO: No target -> STOP
[12:38:10] INFO: People: 1
[12:38:10] INFO: Target detected -> MOVE
[12:38:10] INFO: 0.75 90,116,400,357
[12:38:11] INFO: People: 0
[12:38:11] INFO: No target -> STOP
[12:38:12] INFO: People: 0
[12:38:12] INFO: No target -> STOP
[12:38:13] INFO: People: 1
[12:38:13] INFO: Target detected -> MOVE
[12:38:13] INFO: 0.58 9,79,430,394
[12:38:14] INFO: People: 1
[12:38:14] INFO: Target detected -> MOVE
[12:38:14] INFO: 0.77 4,77,447,396
[12:38:15] INFO: People: 1
[12:38:15] INFO: Target detected -> MOVE
[12:38:15] INFO: 0.59 0,76,442,397
[12:38:16] INFO: People: 1
[12:38:16] INFO: Target detected -> MOVE
[12:38:16] INFO: 0.78 2,69,437,406
[12:38:17] INFO: People: 1
[12:38:17] INFO: Target detected -> MOVE
[12:38:17] INFO: 0.71 1,71,434,403
[12:38:19] INFO: People: 1
[12:38:19] INFO: Target detected -> MOVE
[12:38:19] INFO: 0.79 1,77,436,397
[12:38:20] INFO: People: 1
[12:38:20] INFO: Target detected -> MOVE
[12:38:20] INFO: 0.86 3,75,432,399
[12:38:21] INFO: People: 1
[12:38:21] INFO: Target detected -> MOVE
[12:38:21] INFO: 0.80 1,16,489,458
[12:38:22] INFO: People: 1
[12:38:22] INFO: Target detected -> MOVE
[12:38:22] INFO: 0.75 1,29,478,444
[12:38:23] INFO: People: 0
[12:38:23] INFO: No target -> STOP
[12:38:24] INFO: People: 0
[12:38:24] INFO: No target -> STOP
[12:38:26] INFO: People: 0
[12:38:26] INFO: No target -> STOP
[12:38:27] INFO: People: 0
[12:38:27] INFO: No target -> STOP
[12:38:28] INFO: People: 0
[12:38:28] INFO: No target -> STOP
[12:38:29] INFO: People: 0
[12:38:29] INFO: No target -> STOP
[12:38:30] INFO: People: 0
[12:38:30] INFO: No target -> STOP
[12:38:31] INFO: People: 1
[12:38:31] INFO: Target detected -> MOVE
[12:38:31] INFO: 0.58 0,215,240,259
[12:38:33] INFO: People: 1
[12:38:33] INFO: Target detected -> MOVE
[12:38:33] INFO: 0.91 46,244,256,230
[12:38:34] INFO: People: 1
[12:38:34] INFO: Target detected -> MOVE
[12:38:34] INFO: 0.89 40,240,254,235
[12:38:35] INFO: People: 1
[12:38:35] INFO: Target detected -> MOVE
[12:38:35] INFO: 0.88 80,236,254,239
[12:38:36] INFO: People: 1
[12:38:36] INFO: Target detected -> MOVE
[12:38:36] INFO: 0.88 117,234,244,242
[12:38:37] INFO: People: 1
[12:38:37] INFO: Target detected -> MOVE
[12:38:37] INFO: 0.70 115,238,248,237
[12:38:38] INFO: People: 1
[12:38:38] INFO: Target detected -> MOVE
[12:38:38] INFO: 0.55 115,239,249,236
[12:38:39] INFO: People: 1
[12:38:39] INFO: Target detected -> MOVE
[12:38:39] INFO: 0.81 116,233,248,242
[12:38:40] INFO: People: 1
[12:38:40] INFO: Target detected -> MOVE
[12:38:40] INFO: 0.83 117,238,248,238
[12:38:42] INFO: People: 1
[12:38:42] INFO: Target detected -> MOVE
[12:38:42] INFO: 0.87 117,241,246,234
[12:38:43] INFO: People: 1
[12:38:43] INFO: Target detected -> MOVE
[12:38:43] INFO: 0.86 117,240,247,236
[12:38:44] INFO: People: 1
[12:38:44] INFO: Target detected -> MOVE
[12:38:44] INFO: 0.67 116,235,250,240
[12:38:45] INFO: People: 1
[12:38:45] INFO: Target detected -> MOVE
[12:38:45] INFO: 0.66 112,232,251,243
[12:38:46] INFO: People: 1
[12:38:46] INFO: Target detected -> MOVE
[12:38:46] INFO: 0.71 112,235,252,240
[12:38:47] INFO: People: 1
[12:38:47] INFO: Target detected -> MOVE
[12:38:47] INFO: 0.60 114,235,250,239
[12:38:48] INFO: People: 1
[12:38:48] INFO: Target detected -> MOVE
[12:38:48] INFO: 0.66 113,233,252,242
[12:38:50] INFO: People: 1
[12:38:50] INFO: Target detected -> MOVE
[12:38:50] INFO: 0.52 110,225,249,249
[12:38:51] INFO: People: 1
[12:38:51] INFO: Target detected -> MOVE
[12:38:51] INFO: 0.50 102,221,250,253
[12:38:52] INFO: People: 1
[12:38:52] INFO: Target detected -> MOVE
[12:38:52] INFO: 0.69 83,227,253,248
[12:38:53] INFO: People: 1
[12:38:53] INFO: Target detected -> MOVE
[12:38:53] INFO: 0.71 84,167,315,308
[12:38:54] INFO: People: 1
[12:38:54] INFO: Target detected -> MOVE
[12:38:54] INFO: 0.50 32,320,232,156
[12:38:55] INFO: People: 0
[12:38:55] INFO: No target -> STOP
[12:38:56] INFO: People: 1
[12:38:56] INFO: Target detected -> MOVE
[12:38:56] INFO: 0.87 0,205,421,272
[12:38:57] INFO: People: 1
[12:38:57] INFO: Target detected -> MOVE
[12:38:57] INFO: 0.52 0,236,412,238
[12:38:59] INFO: People: 1
[12:38:59] INFO: Target detected -> MOVE
[12:38:59] INFO: 0.45 0,280,185,193
[12:39:00] INFO: People: 1
[12:39:00] INFO: Target detected -> MOVE
[12:39:00] INFO: 0.61 0,208,462,267
[12:39:01] INFO: People: 1
[12:39:01] INFO: Target detected -> MOVE
[12:39:01] INFO: 0.46 0,128,464,345
[12:39:02] INFO: People: 1
[12:39:02] INFO: Target detected -> MOVE
[12:39:02] INFO: 0.85 0,158,486,317
[12:39:03] INFO: People: 1
[12:39:03] INFO: Target detected -> MOVE
[12:39:03] INFO: 0.81 16,136,519,339
[12:39:04] INFO: People: 0
[12:39:04] INFO: No target -> STOP
[12:39:06] INFO: People: 0
[12:39:06] INFO: No target -> STOP
                                                                                                                                                                                                                                                                                                                                                                                                                                                                                                                                                                                                                                                                                                                                                                                                                                                                                                                                                                                                                                                                                                                                                                                                                                                                                                                                                                                                                                                                                                                                                                                                                                                                                                                                                                                                                                                                                                                                                                                                                                                                                                                                         [12:37:55] INFO: Arduino connected
[12:37:55] INFO: YOLO detector initialized.
[12:37:56] INFO: Camera started (640x480)
[12:37:56] INFO: Detector running...
[12:37:57] INFO: First 5 raw detections:
[12:37:57] INFO: [0. 0. 0. 0. 0. 0.]
[12:37:57] INFO: [0. 0. 0. 0. 0. 0.]
[12:37:57] INFO: [0. 0. 0. 0. 0. 0.]
[12:37:57] INFO: [0. 0. 0. 0. 0. 0.]
[12:37:57] INFO: [0. 0. 0. 0. 0. 0.]
[12:37:58] INFO: People: 0
[12:37:58] INFO: No target -> STOP
[12:37:59] INFO: People: 0
[12:37:59] INFO: No target -> STOP
[12:38:00] INFO: People: 0
[12:38:00] INFO: No target -> STOP
[12:38:01] INFO: People: 0
[12:38:01] INFO: No target -> STOP
[12:38:03] INFO: People: 0
[12:38:03] INFO: No target -> STOP
[12:38:04] INFO: People: 0
[12:38:04] INFO: No target -> STOP
[12:38:05] INFO: People: 0
[12:38:05] INFO: No target -> STOP
[12:38:06] INFO: People: 0
[12:38:06] INFO: No target -> STOP
[12:38:07] INFO: People: 0
[12:38:07] INFO: No target -> STOP
[12:38:08] INFO: People: 0
[12:38:08] INFO: No target -> STOP
[12:38:09] INFO: People: 0
[12:38:09] INFO: No target -> STOP
[12:38:10] INFO: People: 0
[12:38:10] INFO: No target -> STOP
[12:38:12] INFO: People: 0
[12:38:12] INFO: No target -> STOP
[12:38:13] INFO: People: 0
[12:38:13] INFO: No target -> STOP
[12:38:14] INFO: People: 0
[12:38:14] INFO: No target -> STOP
[12:38:15] INFO: People: 0
[12:38:15] INFO: No target -> STOP
[12:38:16] INFO: People: 0
[12:38:16] INFO: No target -> STOP
[12:38:17] INFO: People: 0
[12:38:17] INFO: No target -> STOP
[12:38:18] INFO: People: 0
[12:38:18] INFO: No target -> STOP
[12:38:20] INFO: People: 0
[12:38:20] INFO: No target -> STOP
[12:38:21] INFO: People: 0
[12:38:21] INFO: No target -> STOP
[12:38:23] INFO: People: 1
[12:38:23] INFO: Target detected -> MOVE
[12:38:36] INFO: 0.59 312,174,326,299
[12:38:37] INFO: People: 0
[12:38:37] INFO: No target -> STOP
[12:38:59] INFO: People: 0
[12:38:59] INFO: No target -> STOP
[12:39:02] INFO: People: 1
[12:39:02] INFO: Target detected -> MOVE
[12:39:17] INFO: 0.74 297,213,328,260
[12:39:18] INFO: People: 1
[12:39:18] INFO: Target detected -> MOVE
[12:39:26] INFO: 0.92 293,66,345,406
[12:39:27] INFO: People: 1
[12:39:27] INFO: Target detected -> MOVE
[12:39:49] INFO: 0.89 363,118,275,353
[12:39:50] INFO: People: 1
[12:39:50] INFO: Target detected -> MOVE
[12:39:52] INFO: 0.70 263,250,286,224
[12:39:53] INFO: People: 1
[12:39:53] INFO: Target detected -> MOVE
[12:40:15] INFO: 0.92 283,240,251,234
[12:40:16] INFO: People: 1
[12:40:16] INFO: Target detected -> MOVE
                                                                                                                                                                                                                                                                                                                     [12:37:59] INFO: Arduino connected
[12:38:00] INFO: YOLO detector initialized.
[12:38:00] INFO: Camera started (640x480)
[12:38:00] INFO: Detector running...
[12:38:02] INFO: First 5 raw detections:
[12:38:02] INFO: [240.0463     225.46587    630.4345     554.96686      0.88941604
   0.        ]
[12:38:02] INFO: [0. 0. 0. 0. 0. 0.]
[12:38:02] INFO: [0. 0. 0. 0. 0. 0.]
[12:38:02] INFO: [0. 0. 0. 0. 0. 0.]
[12:38:02] INFO: [0. 0. 0. 0. 0. 0.]
[12:38:02] INFO: People: 1
[12:38:02] INFO: Target detected -> MOVE
[12:38:02] INFO: 0.89 240,145,390,329
[12:38:03] INFO: People: 1
[12:38:03] INFO: Target detected -> MOVE
[12:38:03] INFO: 0.89 210,135,396,338
[12:38:04] INFO: People: 1
[12:38:04] INFO: Target detected -> MOVE
[12:38:04] INFO: 0.91 216,145,387,330
[12:38:05] INFO: People: 1
[12:38:05] INFO: Target detected -> MOVE
[12:38:05] INFO: 0.91 219,144,388,329
[12:38:07] INFO: People: 1
[12:38:07] INFO: Target detected -> MOVE
[12:38:07] INFO: 0.90 223,146,381,327
[12:38:08] INFO: People: 1
[12:38:08] INFO: Target detected -> MOVE
[12:38:08] INFO: 0.85 231,151,367,320
[12:38:09] INFO: People: 1
[12:38:09] INFO: Target detected -> MOVE
[12:38:09] INFO: 0.92 227,154,373,320
[12:38:10] INFO: People: 0
[12:38:10] INFO: No target -> STOP
[12:38:11] INFO: People: 0
[12:38:11] INFO: No target -> STOP
[12:38:12] INFO: People: 0
[12:38:12] INFO: No target -> STOP
[12:38:13] INFO: People: 0
[12:38:13] INFO: No target -> STOP
[12:38:14] INFO: People: 1
[12:38:14] INFO: Target detected -> MOVE
[12:38:14] INFO: 0.87 195,163,375,313
[12:38:16] INFO: People: 1
[12:38:16] INFO: Target detected -> MOVE
[12:38:16] INFO: 0.87 187,161,368,314
[12:38:17] INFO: People: 1
[12:38:17] INFO: Target detected -> MOVE
[12:38:17] INFO: 0.91 195,166,351,309
[12:38:18] INFO: People: 1
[12:38:18] INFO: Target detected -> MOVE
[12:38:18] INFO: 0.86 193,165,358,310
[12:38:19] INFO: People: 1
[12:38:19] INFO: Target detected -> MOVE
[12:38:19] INFO: 0.87 186,164,364,310
[12:38:20] INFO: People: 1
[12:38:20] INFO: Target detected -> MOVE
[12:38:20] INFO: 0.92 187,167,362,309
[12:38:21] INFO: People: 1
[12:38:21] INFO: Target detected -> MOVE
[12:38:21] INFO: 0.86 194,170,355,303
[12:38:22] INFO: People: 1
[12:38:22] INFO: Target detected -> MOVE
[12:38:22] INFO: 0.87 190,169,359,305
[12:38:23] INFO: People: 1
[12:38:23] INFO: Target detected -> MOVE
[12:38:24] INFO: 0.88 187,166,358,307
[12:38:25] INFO: People: 1
[12:38:25] INFO: Target detected -> MOVE
[12:38:42] INFO: 0.91 177,155,371,319
[12:38:43] INFO: People: 1
[12:38:43] INFO: Target detected -> MOVE
[12:39:03] INFO: 0.93 201,155,368,319
[12:39:04] INFO: People: 1
[12:39:04] INFO: Target detected -> MOVE
[12:39:18] INFO: 0.90 187,126,391,348
[12:39:19] INFO: People: 1
[12:39:19] INFO: Target detected -> MOVE
[12:39:30] INFO: 0.89 154,165,375,309
[12:39:31] INFO: People: 1
[12:39:31] INFO: Target detected -> MOVE
[12:39:39] INFO: 0.90 214,128,382,345
[12:39:41] INFO: People: 1
[12:39:41] INFO: Target detected -> MOVE
[12:39:50] INFO: 0.92 194,195,361,279
[12:39:51] INFO: People: 1
[12:39:51] INFO: Target detected -> MOVE
[12:40:15] INFO: 0.89 239,0,399,473
[12:40:16] INFO: People: 1
[12:40:16] INFO: Target detected -> MOVE
[12:40:18] INFO: 0.88 132,79,506,394
[12:40:19] INFO: People: 1
[12:40:19] INFO: Target detected -> MOVE
[12:40:30] INFO: 0.89 191,106,447,367
[12:40:31] INFO: People: 1
[12:40:31] INFO: Target detected -> MOVE
[12:40:54] INFO: 0.87 121,148,505,325
[12:40:55] INFO: People: 0
[12:40:55] INFO: No target -> STOP
[12:41:19] INFO: People: 1
[12:41:19] INFO: Target detected -> MOVE
[12:41:20] INFO: 0.45 222,194,413,279
[12:41:21] INFO: People: 0
[12:41:21] INFO: No target -> STOP
[12:41:33] INFO: People: 1
[12:41:33] INFO: Target detected -> MOVE
[12:41:41] INFO: 0.88 16,20,574,451
[12:41:42] INFO: People: 1
[12:41:42] INFO: Target detected -> MOVE
[12:41:47] INFO: 0.85 7,2,611,471
[12:41:48] INFO: People: 1
[12:41:48] INFO: Target detected -> MOVE
[12:41:58] INFO: 0.87 23,5,544,465
[12:41:59] INFO: People: 1
[12:41:59] INFO: Target detected -> MOVE
[12:42:06] INFO: 0.69 251,2,387,468
[12:42:07] INFO: People: 1
[12:42:07] INFO: Target detected -> MOVE
[12:42:20] INFO: 0.90 178,3,460,475
[12:42:21] INFO: People: 1
[12:42:21] INFO: Target detected -> MOVE
[12:42:40] INFO: 0.80 181,0,457,472
[12:42:41] INFO: People: 0
[12:42:41] INFO: No target -> STOP
[12:42:49] INFO: People: 1
[12:42:49] INFO: Target detected -> MOVE
[12:43:14] INFO: 0.91 154,112,335,362
[12:43:15] INFO: People: 0
[12:43:15] INFO: No target -> STOP
[12:43:25] INFO: People: 0
[12:43:25] INFO: No target -> STOP
[12:43:46] INFO: People: 1
[12:43:46] INFO: Target detected -> MOVE
[12:43:59] INFO: 0.92 0,1,342,472
[12:44:00] INFO: People: 1
[12:44:00] INFO: Target detected -> MOVE
[12:44:14] INFO: 0.80 21,1,365,471
[12:44:15] INFO: People: 1
[12:44:15] INFO: Target detected -> MOVE
[12:44:23] INFO: 0.82 186,114,452,359
[12:44:24] INFO: People: 1
[12:44:24] INFO: Target detected -> MOVE
[12:44:25] INFO: 0.74 230,62,310,410
[12:44:26] INFO: People: 0
[12:44:26] INFO: No target -> STOP
[12:44:38] INFO: People: 0
[12:44:38] INFO: No target -> STOP
[12:44:46] INFO: People: 0
[12:44:46] INFO: No target -> STOP
[12:44:48] INFO: People: 1
[12:44:48] INFO: Target detected -> MOVE
[12:44:58] INFO: 0.56 230,71,297,401
[12:45:00] INFO: People: 1
[12:45:00] INFO: Target detected -> MOVE
[12:45:02] INFO: 0.66 204,8,313,463
[12:45:03] INFO: People: 0
[12:45:03] INFO: No target -> STOP
[12:45:08] INFO: People: 1
[12:45:08] INFO: Target detected -> MOVE
[12:45:30] INFO: 0.47 217,14,322,456
[12:45:31] INFO: People: 1
[12:45:31] INFO: Target detected -> MOVE
[12:45:41] INFO: 0.58 162,0,376,473
[12:45:42] INFO: People: 1
[12:45:42] INFO: Target detected -> MOVE
[12:45:50] INFO: 0.78 201,82,302,392
[12:45:51] INFO: People: 1
[12:45:51] INFO: Target detected -> MOVE
[12:46:03] INFO: 0.84 196,4,441,466
[12:46:04] INFO: People: 1
[12:46:04] INFO: Target detected -> MOVE
[12:46:22] INFO: 0.85 111,67,522,406
[12:46:23] INFO: People: 1
[12:46:23] INFO: Target detected -> MOVE
[12:46:30] INFO: 0.71 98,115,538,357
[12:46:31] INFO: People: 1
[12:46:31] INFO: Target detected -> MOVE
[12:46:32] INFO: 0.89 203,111,431,362
[12:46:33] INFO: People: 1
[12:46:33] INFO: Target detected -> MOVE
[12:43:09] INFO: Arduino connected
[12:43:09] INFO: YOLO detector initialized.
[12:43:10] INFO: Camera started (640x480)
[12:43:10] INFO: Detector running...
[12:43:12] INFO: First 5 raw detections:
[12:43:12] INFO: [378.0799    215.68387   638.3298    553.7943      0.8449098   0.       ]
[12:43:12] INFO: [4.74639893e-01 1.03566345e+02 6.37169312e+02 5.50828491e+02
 4.14277852e-01 1.30000000e+01]
[12:43:12] INFO: [0. 0. 0. 0. 0. 0.]
[12:43:12] INFO: [0. 0. 0. 0. 0. 0.]
[12:43:12] INFO: [0. 0. 0. 0. 0. 0.]
[12:43:12] INFO: People: 1
[12:43:12] INFO: Target detected -> MOVE
[12:43:12] INFO: 0.84 378,135,260,338
[12:43:13] INFO: People: 1
[12:43:13] INFO: Target detected -> MOVE
[12:43:13] INFO: 0.81 386,125,251,348
[12:43:14] INFO: People: 1
[12:43:14] INFO: Target detected -> MOVE
[12:43:14] INFO: 0.89 380,125,258,348
[12:43:15] INFO: People: 1
[12:43:15] INFO: Target detected -> MOVE
[12:43:15] INFO: 0.87 377,127,261,346
[12:43:17] INFO: People: 1
[12:43:17] INFO: Target detected -> MOVE
[12:43:17] INFO: 0.80 375,127,263,346
[12:43:18] INFO: People: 1
[12:43:18] INFO: Target detected -> MOVE
[12:43:18] INFO: 0.83 370,131,267,343
[12:43:19] INFO: People: 1
[12:43:19] INFO: Target detected -> MOVE
[12:43:19] INFO: 0.85 366,135,271,339
[12:43:20] INFO: People: 1
[12:43:20] INFO: Target detected -> MOVE
[12:43:20] INFO: 0.87 370,131,268,343
[12:43:21] INFO: People: 1
[12:43:21] INFO: Target detected -> MOVE
[12:43:21] INFO: 0.90 374,132,264,342
[12:43:22] INFO: People: 1
[12:43:22] INFO: Target detected -> MOVE
[12:43:22] INFO: 0.88 369,132,268,342
[12:43:24] INFO: People: 1
[12:43:24] INFO: Target detected -> MOVE
[12:43:24] INFO: 0.86 369,133,269,340
[12:43:25] INFO: People: 1
[12:43:25] INFO: Target detected -> MOVE
[12:43:25] INFO: 0.86 369,134,269,339
[12:43:26] INFO: People: 1
[12:43:26] INFO: Target detected -> MOVE
[12:43:26] INFO: 0.91 375,124,263,350
[12:43:27] INFO: People: 1
[12:43:27] INFO: Target detected -> MOVE
[12:43:27] INFO: 0.90 376,117,262,357
[12:43:28] INFO: People: 1
[12:43:28] INFO: Target detected -> MOVE
[12:43:28] INFO: 0.93 362,197,276,278
[12:43:29] INFO: People: 1
[12:43:29] INFO: Target detected -> MOVE
[12:43:29] INFO: 0.94 372,109,266,366
[12:43:30] INFO: People: 1
[12:43:30] INFO: Target detected -> MOVE
[12:43:30] INFO: 0.85 344,112,286,362
[12:43:32] INFO: People: 1
[12:43:32] INFO: Target detected -> MOVE
[12:43:32] INFO: 0.76 363,104,275,369
[12:43:33] INFO: People: 1
[12:43:33] INFO: Target detected -> MOVE
[12:43:33] INFO: 0.70 368,135,270,340
[12:43:34] INFO: People: 1
[12:43:34] INFO: Target detected -> MOVE
[12:43:35] INFO: 0.83 370,106,268,367
[12:43:36] INFO: People: 1
[12:43:36] INFO: Target detected -> MOVE
[12:43:52] INFO: 0.72 362,153,275,322
[12:43:53] INFO: People: 1
[12:43:53] INFO: Target detected -> MOVE
[12:44:13] INFO: 0.62 339,175,296,299
[12:44:14] INFO: People: 1
[12:44:14] INFO: Target detected -> MOVE
[12:44:29] INFO: 0.62 286,103,347,368
[12:44:30] INFO: People: 1
[12:44:30] INFO: Target detected -> MOVE
[12:44:46] INFO: 0.69 160,125,358,333
[12:44:47] INFO: People: 1
[12:44:47] INFO: Target detected -> MOVE
[12:45:00] INFO: 0.73 91,116,286,358
[12:45:01] INFO: People: 1
[12:45:01] INFO: Target detected -> MOVE
[12:45:01] INFO: 0.70 106,218,335,257
[12:45:02] INFO: People: 0
[12:45:02] INFO: No target -> STOP
[12:45:04] INFO: People: 0
[12:45:04] INFO: No target -> STOP
[12:45:25] INFO: People: 0
[12:45:25] INFO: No target -> STOP
[12:45:44] INFO: People: 0
[12:45:44] INFO: No target -> STOP
[12:45:59] INFO: People: 0
[12:45:59] INFO: No target -> STOP
[12:46:12] INFO: People: 1
[12:46:12] INFO: Target detected -> MOVE
[12:46:25] INFO: 0.49 86,72,373,397
[12:46:26] INFO: People: 0
[12:46:26] INFO: No target -> STOP
[12:46:37] INFO: People: 1
[12:46:37] INFO: Target detected -> MOVE
[12:46:55] INFO: 0.73 194,107,325,364
[12:46:56] INFO: People: 1
[12:46:56] INFO: Target detected -> MOVE
[12:47:09] INFO: 0.90 228,166,410,308
[12:47:10] INFO: People: 1
[12:47:10] INFO: Target detected -> MOVE
[12:47:27] INFO: 0.80 86,6,396,466
[12:47:28] INFO: People: 1
[12:47:28] INFO: Target detected -> MOVE
[12:47:28] INFO: 0.86 84,14,381,461
[12:47:29] INFO: People: 1
[12:47:29] INFO: Target detected -> MOVE
[12:47:36] INFO: 0.87 109,11,355,465
[12:47:38] INFO: People: 1
[12:47:38] INFO: Target detected -> MOVE
[12:47:46] INFO: 0.87 187,0,260,478
[12:47:47] INFO: People: 1
[12:47:47] INFO: Target detected -> MOVE
                                                                                                                                                                                                                 [12:48:11] INFO: Arduino connected
[12:48:12] INFO: YOLO detector initialized.
[12:48:12] INFO: Camera started (640x480)
[12:48:12] INFO: Detector running...
[12:48:13] INFO: First 5 raw detections:
[12:48:13] INFO: [3.1941223e-01 2.1768336e+02 2.8545325e+02 5.5384546e+02 3.1885457e-01
 0.0000000e+00]
[12:48:13] INFO: [0. 0. 0. 0. 0. 0.]
[12:48:13] INFO: [0. 0. 0. 0. 0. 0.]
[12:48:13] INFO: [0. 0. 0. 0. 0. 0.]
[12:48:13] INFO: [0. 0. 0. 0. 0. 0.]
[12:48:13] INFO: People: 0
[12:48:13] INFO: No target -> STOP
[12:48:14] INFO: People: 1
[12:48:14] INFO: Target detected -> MOVE
[12:48:14] INFO: 0.58 0,122,352,349
[12:48:15] INFO: People: 1
[12:48:15] INFO: Target detected -> MOVE
[12:48:15] INFO: 0.85 34,145,453,328
[12:48:17] INFO: People: 1
[12:48:17] INFO: Target detected -> MOVE
[12:48:17] INFO: 0.78 13,165,436,309
[12:48:18] INFO: People: 1
[12:48:18] INFO: Target detected -> MOVE
[12:48:18] INFO: 0.88 5,151,448,322
[12:48:18] INFO: People: 1
[12:48:18] INFO: Target detected -> MOVE
[12:48:18] INFO: 0.89 9,155,464,318
[12:48:19] INFO: People: 1
[12:48:19] INFO: Target detected -> MOVE
[12:48:19] INFO: 0.90 10,157,466,317
[12:48:19] INFO: People: 1
[12:48:19] INFO: Target detected -> MOVE
[12:48:19] INFO: 0.90 10,155,463,319
[12:48:20] INFO: People: 1
[12:48:20] INFO: Target detected -> MOVE
[12:48:20] INFO: 0.88 5,153,466,320
[12:48:21] INFO: People: 1
[12:48:21] INFO: Target detected -> MOVE
[12:48:21] INFO: 0.88 9,152,464,321
[12:48:21] INFO: People: 1
[12:48:21] INFO: Target detected -> MOVE
[12:48:21] INFO: 0.89 11,152,465,322
[12:48:22] INFO: People: 1
[12:48:22] INFO: Target detected -> MOVE
[12:48:22] INFO: 0.89 10,152,465,322
[12:48:22] INFO: People: 1
[12:48:22] INFO: Target detected -> MOVE
[12:48:22] INFO: 0.89 11,151,461,322
[12:48:23] INFO: People: 1
[12:48:23] INFO: Target detected -> MOVE
[12:48:23] INFO: 0.86 17,148,448,325
[12:48:23] INFO: People: 1
[12:48:23] INFO: Target detected -> MOVE
[12:48:23] INFO: 0.83 11,146,459,326
[12:48:24] INFO: People: 1
[12:48:24] INFO: Target detected -> MOVE
[12:48:24] INFO: 0.83 6,151,473,321
[12:48:25] INFO: People: 1
[12:48:25] INFO: Target detected -> MOVE
[12:48:25] INFO: 0.88 3,150,467,323
[12:48:25] INFO: People: 1
[12:48:25] INFO: Target detected -> MOVE
[12:48:25] INFO: 0.78 0,144,466,328
[12:48:26] INFO: People: 1
[12:48:26] INFO: Target detected -> MOVE
[12:48:26] INFO: 0.61 0,85,330,384
[12:48:27] INFO: People: 1
[12:48:27] INFO: Target detected -> MOVE
[12:48:27] INFO: 0.64 0,71,426,290
[12:48:28] INFO: People: 0
[12:48:28] INFO: No target -> STOP
[12:48:29] INFO: People: 0
[12:48:29] INFO: No target -> STOP
[12:48:30] INFO: People: 0
[12:48:30] INFO: No target -> STOP
[12:48:30] INFO: People: 0
[12:48:30] INFO: No target -> STOP
[12:48:31] INFO: People: 0
[12:48:31] INFO: No target -> STOP
[12:48:31] INFO: People: 0
[12:48:31] INFO: No target -> STOP
[12:48:32] INFO: People: 0
[12:48:32] INFO: No target -> STOP
[12:48:33] INFO: People: 0
[12:48:33] INFO: No target -> STOP
[12:48:33] INFO: People: 0
[12:48:33] INFO: No target -> STOP
[12:48:34] INFO: People: 0
[12:48:34] INFO: No target -> STOP
[12:48:34] INFO: People: 1
[12:48:34] INFO: Target detected -> MOVE
[12:48:34] INFO: 0.54 1,155,284,318
[12:48:35] INFO: People: 1
[12:48:35] INFO: Target detected -> MOVE
[12:48:35] INFO: 0.47 0,88,278,382
[12:48:35] INFO: People: 1
[12:48:35] INFO: Target detected -> MOVE
[12:48:36] INFO: 0.68 0,0,356,471
[12:48:36] INFO: People: 1
[12:48:36] INFO: Target detected -> MOVE
[12:48:57] INFO: 0.77 0,2,622,471
[12:48:57] INFO: People: 1
[12:48:57] INFO: Target detected -> MOVE
[12:49:13] INFO: 0.83 0,33,485,438
[12:49:13] INFO: People: 0
[12:49:13] INFO: No target -> STOP
[12:49:33] INFO: People: 0
[12:49:33] INFO: No target -> STOP
[12:49:52] INFO: People: 0
[12:49:52] INFO: No target -> STOP
[12:50:17] INFO: People: 1
[12:50:17] INFO: Target detected -> MOVE
[12:50:31] INFO: 0.80 241,22,397,440
[12:50:31] INFO: People: 1
[12:50:31] INFO: Target detected -> MOVE
[12:50:55] INFO: 0.82 245,67,393,401
[12:50:55] INFO: People: 1
[12:50:55] INFO: Target detected -> MOVE
[12:51:06] INFO: 0.83 100,77,400,399
[12:51:06] INFO: People: 1
[12:51:06] INFO: Target detected -> MOVE
[12:51:16] INFO: 0.73 0,26,464,446
[12:51:16] INFO: People: 1
[12:51:16] INFO: Target detected -> MOVE
[12:51:38] INFO: 0.85 55,84,419,389
[12:51:39] INFO: People: 0
[12:51:39] INFO: No target -> STOP
[12:51:55] INFO: People: 0
[12:51:55] INFO: No target -> STOP
[12:51:59] INFO: People: 0
[12:51:59] INFO: No target -> STOP
[12:52:25] INFO: People: 0
[12:52:25] INFO: No target -> STOP
[12:52:41] INFO: People: 0
[12:52:41] INFO: No target -> STOP
[12:53:00] INFO: People: 0
[12:53:00] INFO: No target -> STOP
[12:53:13] INFO: People: 0
[12:53:13] INFO: No target -> STOP
[12:53:24] INFO: People: 0
[12:53:24] INFO: No target -> STOP
[12:53:38] INFO: People: 0
[12:53:38] INFO: No target -> STOP
[12:53:40] INFO: People: 0
[12:53:40] INFO: No target -> STOP
[12:53:41] INFO: People: 0
[12:53:41] INFO: No target -> STOP
[12:53:59] INFO: People: 0
[12:53:59] INFO: No target -> STOP
[12:54:04] INFO: People: 0
[12:54:04] INFO: No target -> STOP
[12:54:22] INFO: People: 0
[12:54:22] INFO: No target -> STOP
[12:54:32] INFO: People: 0
[12:54:32] INFO: No target -> STOP
[12:54:52] INFO: People: 0
[12:54:52] INFO: No target -> STOP
[12:54:53] INFO: People: 0
[12:54:53] INFO: No target -> STOP
[12:55:11] INFO: People: 0
[12:55:11] INFO: No target -> STOP
[12:55:19] INFO: People: 0
[12:55:19] INFO: No target -> STOP
[12:55:23] INFO: People: 0
[12:55:23] INFO: No target -> STOP
[12:55:45] INFO: People: 0
[12:55:45] INFO: No target -> STOP
[12:56:09] INFO: People: 0
[12:56:09] INFO: No target -> STOP
[12:56:34] INFO: People: 0
[12:56:34] INFO: No target -> STOP
[12:56:49] INFO: People: 0
[12:56:49] INFO: No target -> STOP
[12:57:02] INFO: People: 0
[12:57:02] INFO: No target -> STOP
[12:57:17] INFO: People: 0
[12:57:17] INFO: No target -> STOP
[12:57:34] INFO: People: 0
[12:57:34] INFO: No target -> STOP
[12:57:52] INFO: People: 0
[12:57:52] INFO: No target -> STOP
[12:57:59] INFO: People: 0
[12:57:59] INFO: No target -> STOP
[12:58:04] INFO: People: 0
[12:58:04] INFO: No target -> STOP
[12:58:25] INFO: People: 0
[12:58:25] INFO: No target -> STOP
[12:58:50] INFO: People: 0
[12:58:50] INFO: No target -> STOP
[12:59:14] INFO: People: 0
[12:59:14] INFO: No target -> STOP
[12:59:29] INFO: People: 0
[12:59:29] INFO: No target -> STOP
[12:59:42] INFO: People: 0
[12:59:42] INFO: No target -> STOP
[13:00:00] INFO: People: 0
[13:00:00] INFO: No target -> STOP
[13:00:03] INFO: People: 0
[13:00:03] INFO: No target -> STOP
[13:00:07] INFO: People: 0
[13:00:07] INFO: No target -> STOP
[13:00:24] INFO: People: 0
[13:00:24] INFO: No target -> STOP
[13:00:46] INFO: People: 0
[13:00:46] INFO: No target -> STOP
[13:00:53] INFO: People: 0
[13:00:53] INFO: No target -> STOP
[13:01:00] INFO: People: 0
[13:01:00] INFO: No target -> STOP
[13:01:19] INFO: People: 0
[13:01:19] INFO: No target -> STOP
[13:01:29] INFO: People: 0
[13:01:29] INFO: No target -> STOP
[13:01:44] INFO: People: 0
[13:01:44] INFO: No target -> STOP
[13:02:08] INFO: People: 1
[13:02:08] INFO: Target detected -> MOVE
[13:02:18] INFO: 0.82 180,286,457,188
[13:02:18] INFO: People: 0
[13:02:18] INFO: No target -> STOP
[13:02:26] INFO: People: 0
[13:02:26] INFO: No target -> STOP
[13:02:37] INFO: People: 1
[13:02:37] INFO: Target detected -> MOVE
[13:02:47] INFO: 0.47 57,26,578,448
[13:02:47] INFO: People: 1
[13:02:47] INFO: Target detected -> MOVE
[13:03:08] INFO: 0.84 207,43,431,434
[13:03:08] INFO: People: 0
[13:03:08] INFO: No target -> STOP
[13:03:17] INFO: People: 0
[13:03:17] INFO: No target -> STOP
[13:03:26] INFO: People: 0
[13:03:26] INFO: No target -> STOP
[13:03:43] INFO: People: 1
[13:03:43] INFO: Target detected -> MOVE
[13:04:00] INFO: 0.93 254,143,377,330
[13:04:00] INFO: People: 1
[13:04:00] INFO: Target detected -> MOVE
[13:04:21] INFO: 0.89 0,66,470,406
[13:04:22] INFO: People: 1
[13:04:22] INFO: Target detected -> MOVE
[13:04:33] INFO: 0.90 207,1,431,470
[13:04:34] INFO: People: 0
[13:04:34] INFO: No target -> STOP
[13:04:42] INFO: People: 0
[13:04:42] INFO: No target -> STOP
[13:04:55] INFO: People: 1
[13:04:55] INFO: Target detected -> MOVE
[13:05:16] INFO: 0.81 4,5,434,465
[13:05:17] INFO: People: 1
[13:05:17] INFO: Target detected -> MOVE
[13:05:20] INFO: 0.80 0,1,286,472
[13:05:20] INFO: People: 1
[13:05:20] INFO: Target detected -> MOVE
[13:05:28] INFO: 0.76 1,12,347,458
[13:05:29] INFO: People: 1
[13:05:29] INFO: Target detected -> MOVE
[13:05:45] INFO: 0.87 119,117,284,356
[13:05:46] INFO: People: 0
[13:05:46] INFO: No target -> STOP
[13:03:22] INFO: Arduino connected
[13:03:22] INFO: YOLO detector initialized.
[13:03:23] INFO: Camera started (640x480)
[13:03:23] INFO: Detector running...
[13:03:24] INFO: First 5 raw detections:
[13:03:24] INFO: [170.27097  93.67134 639.0015  558.83844   0.81766   0.     ]
[13:03:24] INFO: [0. 0. 0. 0. 0. 0.]
[13:03:24] INFO: [0. 0. 0. 0. 0. 0.]
[13:03:24] INFO: [0. 0. 0. 0. 0. 0.]
[13:03:24] INFO: [0. 0. 0. 0. 0. 0.]
[13:03:24] INFO: People: 1
[13:03:24] INFO: Target detected -> MOVE
[13:03:24] INFO: 0.82 170,13,468,465
[13:03:26] INFO: People: 1
[13:03:26] INFO: Target detected -> MOVE
[13:03:26] INFO: 0.77 155,28,483,445
[13:03:27] INFO: People: 1
[13:03:27] INFO: Target detected -> MOVE
[13:03:27] INFO: 0.77 163,52,475,423
[13:03:27] INFO: People: 1
[13:03:27] INFO: Target detected -> MOVE
[13:03:27] INFO: 0.77 162,52,476,423
[13:03:28] INFO: People: 1
[13:03:28] INFO: Target detected -> MOVE
[13:03:28] INFO: 0.83 163,50,475,422
[13:03:30] INFO: People: 1
[13:03:30] INFO: Target detected -> MOVE
[13:03:30] INFO: 0.72 165,44,473,431
[13:03:31] INFO: People: 1
[13:03:31] INFO: Target detected -> MOVE
[13:03:31] INFO: 0.77 164,46,474,429
[13:03:32] INFO: People: 1
[13:03:32] INFO: Target detected -> MOVE
[13:03:32] INFO: 0.77 170,48,468,428
[13:03:33] INFO: People: 1
[13:03:33] INFO: Target detected -> MOVE
[13:03:33] INFO: 0.75 75,54,457,421
[13:03:34] INFO: People: 1
[13:03:34] INFO: Target detected -> MOVE
[13:03:34] INFO: 0.82 88,52,483,420
[13:03:35] INFO: People: 1
[13:03:35] INFO: Target detected -> MOVE
[13:03:35] INFO: 0.84 15,37,601,436
[13:03:37] INFO: People: 1
[13:03:37] INFO: Target detected -> MOVE
[13:03:37] INFO: 0.88 4,37,606,437
[13:03:38] INFO: People: 1
[13:03:38] INFO: Target detected -> MOVE
[13:03:38] INFO: 0.85 98,43,466,430
[13:03:39] INFO: People: 0
[13:03:39] INFO: No target -> STOP
[13:03:40] INFO: People: 0
[13:03:40] INFO: No target -> STOP
[13:03:41] INFO: People: 0
[13:03:41] INFO: No target -> STOP
[13:03:42] INFO: People: 0
[13:03:42] INFO: No target -> STOP
[13:03:44] INFO: People: 1
[13:03:44] INFO: Target detected -> MOVE
[13:03:44] INFO: 0.61 7,1,629,471
[13:03:45] INFO: People: 0
[13:03:45] INFO: No target -> STOP
[13:03:46] INFO: People: 0
[13:03:46] INFO: No target -> STOP
[13:03:47] INFO: People: 0
[13:03:47] INFO: No target -> STOP
[13:03:48] INFO: People: 0
[13:03:48] INFO: No target -> STOP
[13:04:03] INFO: People: 1
[13:04:03] INFO: Target detected -> MOVE
[13:04:26] INFO: 0.55 10,6,624,465
[13:04:27] INFO: People: 0
[13:04:27] INFO: No target -> STOP
[13:04:44] INFO: People: 0
[13:04:44] INFO: No target -> STOP
[13:04:52] INFO: People: 0
[13:04:52] INFO: No target -> STOP
[13:05:16] INFO: People: 0
[13:05:16] INFO: No target -> STOP
[13:05:19] INFO: People: 1
[13:05:19] INFO: Target detected -> MOVE
[13:05:43] INFO: 0.46 366,139,272,334
[13:05:44] INFO: People: 0
[13:05:44] INFO: No target -> STOP
[13:05:50] INFO: People: 0
[13:05:50] INFO: No target -> STOP
[13:06:16] INFO: People: 0
[13:06:16] INFO: No target -> STOP
[13:06:20] INFO: People: 0
[13:06:20] INFO: No target -> STOP
[13:06:41] INFO: People: 0
[13:06:41] INFO: No target -> STOP
[13:06:56] INFO: People: 1
[13:06:56] INFO: Target detected -> MOVE
[13:07:02] INFO: 0.61 135,1,297,397
[13:07:02] INFO: People: 1
[13:07:02] INFO: Target detected -> MOVE
[13:07:15] INFO: 0.85 142,2,251,470
[13:07:16] INFO: People: 1
[13:07:16] INFO: Target detected -> MOVE
[13:07:17] INFO: 0.81 1,3,362,470
[13:07:17] INFO: People: 0
[13:07:17] INFO: No target -> STOP
[13:07:21] INFO: People: 1
[13:07:21] INFO: Target detected -> MOVE
[13:07:37] INFO: 0.86 271,149,367,324
[13:07:38] INFO: People: 0
[13:07:38] INFO: No target -> STOP
[13:07:42] INFO: People: 0
[13:07:42] INFO: No target -> STOP
                                                                                                                            [13:08:29] INFO: Arduino connected
[13:08:29] INFO: YOLO detector initialized.
[13:08:30] INFO: Camera started (640x480)
[13:08:30] INFO: Detector running...
[13:08:31] INFO: First 5 raw detections:
[13:08:31] INFO: [0. 0. 0. 0. 0. 0.]
[13:08:31] INFO: [0. 0. 0. 0. 0. 0.]
[13:08:31] INFO: [0. 0. 0. 0. 0. 0.]
[13:08:31] INFO: [0. 0. 0. 0. 0. 0.]
[13:08:31] INFO: [0. 0. 0. 0. 0. 0.]
[13:08:32] INFO: People: 0
[13:08:32] INFO: No target -> STOP
[13:08:33] INFO: People: 1
[13:08:33] INFO: Target detected -> MOVE
[13:08:33] INFO: 0.51 301,63,337,409
[13:08:34] INFO: People: 1
[13:08:34] INFO: Target detected -> MOVE
[13:08:34] INFO: 0.79 336,118,302,358
[13:08:36] INFO: People: 1
[13:08:36] INFO: Target detected -> MOVE
[13:08:36] INFO: 0.88 316,113,322,362
[13:08:37] INFO: People: 1
[13:08:37] INFO: Target detected -> MOVE
[13:08:37] INFO: 0.92 315,118,323,358
[13:08:38] INFO: People: 1
[13:08:38] INFO: Target detected -> MOVE
[13:08:38] INFO: 0.87 318,120,320,356
[13:08:39] INFO: People: 1
[13:08:39] INFO: Target detected -> MOVE
[13:08:39] INFO: 0.89 324,119,314,357
[13:08:40] INFO: People: 1
[13:08:40] INFO: Target detected -> MOVE
[13:08:40] INFO: 0.91 325,120,313,354
[13:08:41] INFO: People: 1
[13:08:41] INFO: Target detected -> MOVE
[13:08:41] INFO: 0.91 320,120,318,355
[13:08:42] INFO: People: 1
[13:08:42] INFO: Target detected -> MOVE
[13:08:42] INFO: 0.92 330,120,308,354
[13:08:44] INFO: People: 1
[13:08:44] INFO: Target detected -> MOVE
[13:08:44] INFO: 0.74 335,118,303,356
[13:08:45] INFO: People: 0
[13:08:45] INFO: No target -> STOP
[13:08:46] INFO: People: 1
[13:08:46] INFO: Target detected -> MOVE
[13:08:46] INFO: 0.92 337,122,301,354
[13:08:47] INFO: People: 1
[13:08:47] INFO: Target detected -> MOVE
[13:08:47] INFO: 0.86 338,125,300,350
[13:08:48] INFO: People: 0
[13:08:48] INFO: No target -> STOP
[13:08:49] INFO: People: 0
[13:08:49] INFO: No target -> STOP
[13:08:51] INFO: People: 0
[13:08:51] INFO: No target -> STOP
[13:08:52] INFO: People: 1
[13:08:52] INFO: Target detected -> MOVE
[13:08:52] INFO: 0.47 375,59,263,276
[13:08:53] INFO: People: 1
[13:08:53] INFO: Target detected -> MOVE
[13:08:53] INFO: 0.67 371,157,267,316
[13:08:54] INFO: People: 0
[13:08:54] INFO: No target -> STOP
[13:08:55] INFO: People: 1
[13:08:55] INFO: Target detected -> MOVE
[13:09:10] INFO: 0.86 297,130,341,346
[13:09:11] INFO: People: 1
[13:09:11] INFO: Target detected -> MOVE
[13:09:29] INFO: 0.89 257,99,370,377
[13:09:30] INFO: People: 0
[13:09:30] INFO: No target -> STOP
[13:09:36] INFO: People: 0
[13:09:36] INFO: No target -> STOP
[13:10:00] INFO: People: 1
[13:10:00] INFO: Target detected -> MOVE
[13:10:24] INFO: 0.88 248,61,388,417
[13:10:24] INFO: People: 0
[13:10:24] INFO: No target -> STOP
[13:10:33] INFO: People: 0
[13:10:33] INFO: No target -> STOP
[13:10:55] INFO: People: 1
[13:10:55] INFO: Target detected -> MOVE
                                                                                                    [13:08:28] INFO: Arduino connected
[13:08:29] INFO: YOLO detector initialized.
[13:08:29] INFO: Camera started (640x480)
[13:08:29] INFO: Detector running...
[13:08:31] INFO: First 5 raw detections:
[13:08:31] INFO: [280.15924    88.88986   582.9685    551.72705     0.8868301   0.       ]
[13:08:31] INFO: [0. 0. 0. 0. 0. 0.]
[13:08:31] INFO: [0. 0. 0. 0. 0. 0.]
[13:08:31] INFO: [0. 0. 0. 0. 0. 0.]
[13:08:31] INFO: [0. 0. 0. 0. 0. 0.]
[13:08:31] INFO: People: 1
[13:08:31] INFO: Target detected -> MOVE
[13:08:31] INFO: 0.89 280,8,302,462
[13:08:32] INFO: People: 1
[13:08:32] INFO: Target detected -> MOVE
[13:08:32] INFO: 0.88 283,4,300,471
[13:08:33] INFO: People: 1
[13:08:33] INFO: Target detected -> MOVE
[13:08:33] INFO: 0.86 284,2,304,470
[13:08:35] INFO: People: 1
[13:08:35] INFO: Target detected -> MOVE
[13:08:35] INFO: 0.83 284,5,318,470
[13:08:36] INFO: People: 1
[13:08:36] INFO: Target detected -> MOVE
[13:08:36] INFO: 0.79 283,60,308,412
[13:08:37] INFO: People: 1
[13:08:37] INFO: Target detected -> MOVE
[13:08:37] INFO: 0.85 285,4,299,469
[13:08:37] INFO: People: 1
[13:08:37] INFO: Target detected -> MOVE
[13:08:37] INFO: 0.86 283,60,304,415
[13:08:38] INFO: People: 1
[13:08:38] INFO: Target detected -> MOVE
[13:08:38] INFO: 0.81 285,2,303,472
[13:08:39] INFO: People: 1
[13:08:39] INFO: Target detected -> MOVE
[13:08:39] INFO: 0.81 283,26,304,448
[13:08:40] INFO: People: 1
[13:08:40] INFO: Target detected -> MOVE
[13:08:40] INFO: 0.83 282,61,302,413
[13:08:41] INFO: People: 1
[13:08:41] INFO: Target detected -> MOVE
[13:08:41] INFO: 0.84 284,60,302,415
[13:08:42] INFO: People: 1
[13:08:42] INFO: Target detected -> MOVE
[13:08:42] INFO: 0.85 285,14,307,462
[13:08:42] INFO: People: 1
[13:08:42] INFO: Target detected -> MOVE
[13:08:42] INFO: 0.86 286,2,305,472
[13:08:43] INFO: People: 1
[13:08:43] INFO: Target detected -> MOVE
[13:08:43] INFO: 0.84 284,56,314,419
[13:08:45] INFO: People: 1
[13:08:45] INFO: Target detected -> MOVE
[13:08:45] INFO: 0.85 285,61,307,414
[13:08:46] INFO: People: 1
[13:08:46] INFO: Target detected -> MOVE
[13:08:46] INFO: 0.80 285,59,311,414
[13:08:46] INFO: People: 1
[13:08:46] INFO: Target detected -> MOVE
[13:08:46] INFO: 0.83 285,61,308,414
[13:08:47] INFO: People: 1
[13:08:47] INFO: Target detected -> MOVE
[13:08:47] INFO: 0.84 284,54,308,420
[13:08:48] INFO: People: 1
[13:08:48] INFO: Target detected -> MOVE
[13:08:48] INFO: 0.86 283,2,312,472
[13:08:49] INFO: People: 1
[13:08:49] INFO: Target detected -> MOVE
[13:08:49] INFO: 0.83 283,20,311,455
[13:08:50] INFO: People: 1
[13:08:50] INFO: Target detected -> MOVE
[13:08:50] INFO: 0.83 285,21,316,452
[13:08:51] INFO: People: 1
[13:08:51] INFO: Target detected -> MOVE
[13:08:51] INFO: 0.82 284,28,318,443
[13:08:52] INFO: People: 1
[13:08:52] INFO: Target detected -> MOVE
[13:08:52] INFO: 0.80 288,5,310,469
[13:08:53] INFO: People: 1
[13:08:53] INFO: Target detected -> MOVE
[13:08:53] INFO: 0.86 298,52,286,424
[13:08:55] INFO: People: 1
[13:08:55] INFO: Target detected -> MOVE
[13:09:09] INFO: 0.86 298,34,290,442
[13:09:09] INFO: People: 0
[13:09:09] INFO: No target -> STOP
[13:09:19] INFO: People: 0
[13:09:19] INFO: No target -> STOP
[13:09:36] INFO: People: 0
[13:09:36] INFO: No target -> STOP
[13:09:39] INFO: People: 0
[13:09:39] INFO: No target -> STOP
[13:09:57] INFO: People: 1
[13:09:57] INFO: Target detected -> MOVE
[13:10:20] INFO: 0.48 92,0,545,474
[13:10:21] INFO: People: 1
[13:10:21] INFO: Target detected -> MOVE
                                                   [13:08:34] INFO: Arduino connected
[13:08:35] INFO: YOLO detector initialized.
[13:08:35] INFO: Camera started (640x480)
[13:08:35] INFO: Detector running...
[13:08:37] INFO: First 5 raw detections:
[13:08:37] INFO: [2.6087729e+02 1.0788794e+02 5.9660455e+02 5.1268677e+02 5.8727765e-01
 0.0000000e+00]
[13:08:37] INFO: [2.1961157e+02 9.9324249e+01 6.3965765e+02 5.5406348e+02 2.5118029e-01
 5.9000000e+01]
[13:08:37] INFO: [0. 0. 0. 0. 0. 0.]
[13:08:37] INFO: [0. 0. 0. 0. 0. 0.]
[13:08:37] INFO: [0. 0. 0. 0. 0. 0.]
[13:08:37] INFO: People: 1
[13:08:37] INFO: Target detected -> MOVE
[13:08:37] INFO: 0.59 260,27,335,404
[13:08:39] INFO: People: 1
[13:08:39] INFO: Target detected -> MOVE
[13:08:39] INFO: 0.71 260,1,378,472
[13:08:40] INFO: People: 1
[13:08:40] INFO: Target detected -> MOVE
[13:08:40] INFO: 0.81 299,5,339,470
[13:08:41] INFO: People: 1
[13:08:41] INFO: Target detected -> MOVE
[13:08:41] INFO: 0.87 302,6,336,470
[13:08:42] INFO: People: 1
[13:08:42] INFO: Target detected -> MOVE
[13:08:42] INFO: 0.83 301,4,337,470
[13:08:44] INFO: People: 1
[13:08:44] INFO: Target detected -> MOVE
[13:08:44] INFO: 0.85 302,2,336,471
[13:08:45] INFO: People: 1
[13:08:45] INFO: Target detected -> MOVE
[13:08:45] INFO: 0.87 301,2,337,472
[13:08:46] INFO: People: 1
[13:08:46] INFO: Target detected -> MOVE
[13:08:46] INFO: 0.85 301,3,337,471
[13:08:47] INFO: People: 1
[13:08:47] INFO: Target detected -> MOVE
[13:08:47] INFO: 0.85 303,4,335,470
[13:08:48] INFO: People: 1
[13:08:48] INFO: Target detected -> MOVE
[13:08:48] INFO: 0.87 307,5,331,470
[13:08:50] INFO: People: 1
[13:08:50] INFO: Target detected -> MOVE
[13:08:50] INFO: 0.86 303,7,335,468
[13:08:51] INFO: People: 1
[13:08:51] INFO: Target detected -> MOVE
[13:08:51] INFO: 0.87 303,2,335,472
[13:08:52] INFO: People: 1
[13:08:52] INFO: Target detected -> MOVE
[13:08:52] INFO: 0.88 303,2,335,472
[13:08:53] INFO: People: 1
[13:08:53] INFO: Target detected -> MOVE
[13:08:53] INFO: 0.87 304,1,334,474
[13:08:54] INFO: People: 1
[13:08:54] INFO: Target detected -> MOVE
[13:08:54] INFO: 0.86 304,2,334,471
[13:08:55] INFO: People: 1
[13:08:56] INFO: Target detected -> MOVE
[13:08:56] INFO: 0.87 303,3,335,470
[13:08:57] INFO: People: 1
[13:08:57] INFO: Target detected -> MOVE
[13:08:57] INFO: 0.87 304,2,334,472
[13:08:58] INFO: People: 1
[13:08:58] INFO: Target detected -> MOVE
[13:08:59] INFO: 0.84 305,3,333,470
[13:09:00] INFO: People: 1
[13:09:00] INFO: Target detected -> MOVE
[13:09:12] INFO: 0.87 308,2,330,473
[13:09:13] INFO: People: 0
[13:09:13] INFO: No target -> STOP
[13:09:21] INFO: People: 0
[13:09:21] INFO: No target -> STOP
[13:09:27] INFO: People: 0
[13:09:27] INFO: No target -> STOP
[13:09:33] INFO: People: 0
[13:09:33] INFO: No target -> STOP
[13:09:50] INFO: People: 0
[13:09:50] INFO: No target -> STOP
[13:09:54] INFO: People: 0
[13:09:54] INFO: No target -> STOP
[13:10:00] INFO: People: 0
[13:10:00] INFO: No target -> STOP
[13:10:13] INFO: People: 0
[13:10:13] INFO: No target -> STOP
[13:10:15] INFO: People: 0
[13:10:15] INFO: No target -> STOP
[13:10:20] INFO: People: 0
[13:10:20] INFO: No target -> STOP
[13:10:22] INFO: People: 0
[13:10:22] INFO: No target -> STOP
[13:10:34] INFO: People: 0
[13:10:34] INFO: No target -> STOP
[13:10:36] INFO: People: 0
[13:10:36] INFO: No target -> STOP
[13:10:53] INFO: People: 1
[13:10:53] INFO: Target detected -> MOVE
[13:11:03] INFO: 0.52 113,0,525,477
[13:11:03] INFO: People: 0
[13:11:03] INFO: No target -> STOP
[13:11:20] INFO: People: 1
[13:11:20] INFO: Target detected -> MOVE
[13:11:27] INFO: 0.80 265,0,371,475
[13:11:28] INFO: People: 1
[13:11:28] INFO: Target detected -> MOVE
[13:11:31] INFO: 0.87 195,13,360,463
[13:11:32] INFO: People: 1
[13:11:32] INFO: Target detected -> MOVE
[13:11:32] INFO: 0.86 194,15,380,461
[13:11:33] INFO: People: 1
[13:11:33] INFO: Target detected -> MOVE
                                                                                                                                                                                                           [13:08:34] INFO: Arduino connected
[13:08:35] INFO: YOLO detector initialized.
[13:08:35] INFO: Camera started (640x480)
[13:08:35] INFO: Detector running...
[13:08:36] INFO: First 5 raw detections:
[13:08:36] INFO: [0. 0. 0. 0. 0. 0.]
[13:08:36] INFO: [0. 0. 0. 0. 0. 0.]
[13:08:36] INFO: [0. 0. 0. 0. 0. 0.]
[13:08:36] INFO: [0. 0. 0. 0. 0. 0.]
[13:08:36] INFO: [0. 0. 0. 0. 0. 0.]
[13:08:36] INFO: People: 0
[13:08:36] INFO: No target -> STOP
[13:08:38] INFO: People: 0
[13:08:38] INFO: No target -> STOP
[13:08:39] INFO: People: 0
[13:08:39] INFO: No target -> STOP
[13:08:41] INFO: People: 0
[13:08:41] INFO: No target -> STOP
[13:08:42] INFO: People: 0
[13:08:42] INFO: No target -> STOP
[13:08:43] INFO: People: 0
[13:08:43] INFO: No target -> STOP
[13:08:44] INFO: People: 0
[13:08:44] INFO: No target -> STOP
[13:08:45] INFO: People: 0
[13:08:45] INFO: No target -> STOP
[13:08:46] INFO: People: 0
[13:08:46] INFO: No target -> STOP
[13:08:48] INFO: People: 0
[13:08:48] INFO: No target -> STOP
[13:08:49] INFO: People: 0
[13:08:49] INFO: No target -> STOP
[13:08:50] INFO: People: 0
[13:08:50] INFO: No target -> STOP
[13:08:51] INFO: People: 0
[13:08:51] INFO: No target -> STOP
[13:08:52] INFO: People: 0
[13:08:52] INFO: No target -> STOP
[13:08:53] INFO: People: 0
[13:08:53] INFO: No target -> STOP
[13:08:55] INFO: People: 0
[13:08:55] INFO: No target -> STOP
[13:08:56] INFO: People: 0
[13:08:56] INFO: No target -> STOP
[13:08:57] INFO: People: 0
[13:08:57] INFO: No target -> STOP
[13:08:58] INFO: People: 0
[13:08:58] INFO: No target -> STOP
[13:08:59] INFO: People: 0
[13:08:59] INFO: No target -> STOP
[13:09:01] INFO: People: 0
[13:09:01] INFO: No target -> STOP
[13:09:02] INFO: People: 0
[13:09:02] INFO: No target -> STOP
[13:09:03] INFO: People: 0
[13:09:03] INFO: No target -> STOP
[13:09:04] INFO: People: 0
[13:09:04] INFO: No target -> STOP
[13:09:06] INFO: People: 0
[13:09:06] INFO: No target -> STOP
[13:09:15] INFO: People: 0
[13:09:15] INFO: No target -> STOP
[13:09:21] INFO: People: 1
[13:09:21] INFO: Target detected -> MOVE
[13:09:36] INFO: 0.76 276,3,362,471
[13:09:36] INFO: People: 1
[13:09:36] INFO: Target detected -> MOVE
[13:09:57] INFO: 0.77 304,3,334,470
[13:09:58] INFO: People: 1
[13:09:58] INFO: Target detected -> MOVE
[13:10:11] INFO: 0.74 313,14,325,460
[13:10:11] INFO: People: 1
[13:10:11] INFO: Target detected -> MOVE
[13:10:16] INFO: 0.77 239,0,398,472
[13:10:17] INFO: People: 1
[13:10:17] INFO: Target detected -> MOVE
[13:10:28] INFO: 0.75 332,17,305,458
[13:10:29] INFO: People: 1
[13:10:29] INFO: Target detected -> MOVE
[13:10:39] INFO: 0.57 168,30,469,446
[13:10:40] INFO: People: 1
[13:10:40] INFO: Target detected -> MOVE
[13:10:53] INFO: 0.84 297,2,339,473
[13:10:53] INFO: People: 1
[13:10:53] INFO: Target detected -> MOVE
                                                                                                                                                                                                            [13:08:36] INFO: Arduino connected
[13:08:37] INFO: YOLO detector initialized.
[13:08:37] INFO: Camera started (640x480)
[13:08:37] INFO: Detector running...
[13:08:38] INFO: First 5 raw detections:
[13:08:38] INFO: [211.18896   111.54654   444.22174   555.7273      0.6947104  77.       ]
[13:08:38] INFO: [0. 0. 0. 0. 0. 0.]
[13:08:38] INFO: [0. 0. 0. 0. 0. 0.]
[13:08:38] INFO: [0. 0. 0. 0. 0. 0.]
[13:08:38] INFO: [0. 0. 0. 0. 0. 0.]
[13:08:38] INFO: People: 0
[13:08:38] INFO: No target -> STOP
[13:08:39] INFO: People: 2
[13:08:39] INFO: Target detected -> MOVE
[13:08:39] INFO: 0.79 114,36,300,438
[13:08:39] INFO: 0.69 338,2,300,467
[13:08:40] INFO: People: 2
[13:08:40] INFO: Target detected -> MOVE
[13:08:40] INFO: 0.67 110,66,317,409
[13:08:40] INFO: 0.59 329,1,309,472
[13:08:41] INFO: People: 1
[13:08:41] INFO: Target detected -> MOVE
[13:08:41] INFO: 0.45 15,1,622,473
[13:08:41] INFO: People: 1
[13:08:41] INFO: Target detected -> MOVE
[13:08:41] INFO: 0.56 343,7,295,462
[13:08:42] INFO: People: 1
[13:08:42] INFO: Target detected -> MOVE
[13:08:42] INFO: 0.55 113,139,304,334
[13:08:42] INFO: People: 2
[13:08:42] INFO: Ta[13:08:39] INFO: Arduino connected
[13:08:39] INFO: YOLO detector initialized.
[13:08:40] INFO: Camera started (640x480)
[13:08:40] INFO: Detector running...
[13:08:41] INFO: First 5 raw detections:
[13:08:41] INFO: [0. 0. 0. 0. 0. 0.]
[13:08:41] INFO: [0. 0. 0. 0. 0. 0.]
[13:08:41] INFO: [0. 0. 0. 0. 0. 0.]
[13:08:41] INFO: [0. 0. 0. 0. 0. 0.]
[13:08:41] INFO: [0. 0. 0. 0. 0. 0.]
[13:08:41] INFO: People: 0
[13:08:41] INFO: No target -> STOP
[13:08:43] INFO: People: 0
[13:08:43] INFO: No target -> STOP
[13:08:44] INFO: People: 0
[13:08:44] INFO: No target -> STOP
[13:08:45] INFO: People: 0
[13:08:45] INFO: No target -> STOP
[13:08:46] INFO: People: 0
[13:08:46] INFO: No target -> STOP
[13:08:47] INFO: People: 0
[13:08:47] INFO: No target -> STOP
[13:08:48] INFO: People: 0
[13:08:48] INFO: No target -> STOP
[13:08:50] INFO: People: 0
[13:08:50] INFO: No target -> STOP
[13:08:51] INFO: People: 0
[13:08:51] INFO: No target -> STOP
[13:08:52] INFO: People: 0
[13:08:52] INFO: No target -> STOP
[13:08:53] INFO: People: 0
[13:08:53] INFO: No target -> STOP
[13:08:55] INFO: People: 0
[13:08:55] INFO: No target -> STOP
[13:08:56] INFO: People: 0
[13:08:56] INFO: No target -> STOP
[13:08:57] INFO: People: 0
[13:08:57] INFO: No target -> STOP
[13:08:58] INFO: People: 0
[13:08:58] INFO: No target -> STOP
[13:08:59] INFO: People: 0
[13:08:59] INFO: No target -> STOP
[13:09:00] INFO: People: 0
[13:09:00] INFO: No target -> STOP
[13:09:02] INFO: People: 0
[13:09:02] INFO: No target -> STOP
[13:09:03] INFO: People: 0
[13:09:03] INFO: No target -> STOP
[13:09:04] INFO: People: 0
[13:09:04] INFO: No target -> STOP
[13:09:05] INFO: People: 0
[13:09:05] INFO: No target -> STOP
[13:09:06] INFO: People: 0
[13:09:06] INFO: No target -> STOP
[13:09:09] INFO: People: 0
[13:09:09] INFO: No target -> STOP
[13:09:20] INFO: People: 0
[13:09:20] INFO: No target -> STOP
[13:09:30] INFO: People: 0
[13:09:30] INFO: No target -> STOP
[13:09:42] INFO: People: 0
[13:09:42] INFO: No target -> STOP
[13:09:45] INFO: People: 0
[13:09:45] INFO: No target -> STOP
[13:09:49] INFO: People: 0
[13:09:49] INFO: No target -> STOP
[13:10:00] INFO: People: 0
[13:10:00] INFO: No target -> STOP
[13:10:14] INFO: People: 0
[13:10:14] INFO: No target -> STOP
[13:10:31] INFO: People: 0
[13:10:31] INFO: No target -> STOP
[13:10:43] INFO: People: 0
[13:10:43] INFO: No target -> STOP
[13:10:49] INFO: People: 1
[13:10:49] INFO: Target detected -> MOVE
[13:11:04] INFO: 0.54 232,44,405,429
[13:11:05] INFO: People: 1
[13:11:05] INFO: Target detected -> MOVE
[13:11:28] INFO: 0.76 154,1,448,475
[13:11:29] INFO: People: 1
[13:11:29] INFO: Target detected -> MOVE
[13:11:39] INFO: 0.60 90,19,548,457
[13:11:40] INFO: People: 1
[13:11:40] INFO: Target detected -> MOVE
[13:11:45] INFO: 0.75 190,0,358,473
[13:11:46] INFO: People: 1
[13:11:46] INFO: Target detected -> MOVE
[13:11:50] INFO: 0.66 220,25,403,448
[13:11:50] INFO: People: 1
[13:11:50] INFO: Target detected -> MOVE
[13:11:50] INFO: 0.78 235,5,386,468
[13:11:51] INFO: People: 2
[13:11:51] INFO: Target detected -> MOVE
[13:12:07] INFO: 0.69 252,0,386,474
[13:12:07] INFO: 0.54 194,305,106,172
[13:12:08] INFO: People: 0
[13:12:08] INFO: No target -> STOP
[13:12:21] INFO: People: 1
[13:12:21] INFO: Target detected -> MOVE
[13:12:21] INFO: 0.56 0,36,271,440
[13:12:22] INFO: People: 0
[13:12:22] INFO: No target -> STOP
[13:12:33] INFO: People: 0
[13:12:33] INFO: No target -> STOP
[13:12:36] INFO: People: 1
[13:12:36] INFO: Target detected -> MOVE
[13:08:41] INFO: Arduino connected
[13:08:42] INFO: YOLO detector initialized.
[13:08:42] INFO: Camera started (640x480)
[13:08:42] INFO: Detector running...
[13:08:44] INFO: First 5 raw detections:
[13:08:44] INFO: [237.74875     84.40256    551.1749     555.96387      0.65648377
   0.        ]
[13:08:44] INFO: [4.7363861e+01 8.3878983e+01 6.3917346e+02 5.5263477e+02 2.6172310e-01
 1.3000000e+01]
[13:08:44] INFO: [0. 0. 0. 0. 0. 0.]
[13:08:44] INFO: [0. 0. 0. 0. 0. 0.]
[13:08:44] INFO: [0. 0. 0. 0. 0. 0.]
[13:08:44] INFO: People: 1
[13:08:44] INFO: Target detected -> MOVE
[13:08:44] INFO: 0.66 237,4,313,471
[13:08:46] INFO: People: 1
[13:08:46] INFO: Target detected -> MOVE
[13:08:46] INFO: 0.78 315,35,321,440
[13:08:47] INFO: People: 1
[13:08:47] INFO: Target detected -> MOVE
[13:08:47] INFO: 0.76 315,53,323,421
[13:08:48] INFO: People: 1
[13:08:48] INFO: Target detected -> MOVE
[13:08:48] INFO: 0.74 305,64,332,410
[13:08:49] INFO: People: 1
[13:08:49] INFO: Target detected -> MOVE
[13:08:49] INFO: 0.53 288,17,350,455
[13:08:50] INFO: People: 1
[13:08:50] INFO: Target detected -> MOVE
[13:08:50] INFO: 0.82 262,3,376,471
[13:08:51] INFO: People: 2
[13:08:51] INFO: Target detected -> MOVE
[13:08:51] INFO: 0.61 2,1,623,473
[13:08:51] INFO: 0.53 199,0,439,477
[13:08:51] INFO: People: 0
[13:08:51] INFO: No target -> STOP
[13:08:52] INFO: People: 0
[13:08:52] INFO: No target -> STOP
[13:08:52] INFO: People: 1
[13:08:52] INFO: Target detected -> MOVE
[13:08:52] INFO: 0.56 238,2,399,474
[13:08:53] INFO: People: 1
[13:08:53] INFO: Target detected -> MOVE
[13:08:53] INFO: 0.84 197,0,439,473
[13:08:54] INFO: People: 1
[13:08:54] INFO: Target detected -> MOVE
[13:08:54] INFO: 0.71 241,0,397,474
[13:08:54] INFO: People: 0
[13:08:54] INFO: No target -> STOP
[13:08:55] INFO: People: 1
[13:08:55] INFO: Target detected -> MOVE
[13:08:55] INFO: 0.76 244,0,392,475
[13:08:55] INFO: People: 1
[13:08:55] INFO: Target detected -> MOVE
[13:08:55] INFO: 0.57 43,0,592,473
[13:08:56] INFO: People: 0
[13:08:56] INFO: No target -> STOP
[13:08:57] INFO: People: 0
[13:08:57] INFO: No target -> STOP
[13:08:57] INFO: People: 1
[13:08:57] INFO: Target detected -> MOVE
[13:08:57] INFO: 0.65 6,0,630,475
[13:08:58] INFO: People: 1
[13:08:58] INFO: Target detected -> MOVE
[13:08:58] INFO: 0.70 195,0,440,474
[13:08:58] INFO: People: 1
[13:08:58] INFO: Target detected -> MOVE
[13:08:58] INFO: 0.56 3,0,631,473
[13:08:59] INFO: People: 1
[13:08:59] INFO: Target detected -> MOVE
[13:08:59] INFO: 0.65 120,1,514,470
[13:08:59] INFO: People: 1
[13:08:59] INFO: Target detected -> MOVE
[13:08:59] INFO: 0.68 2,0,632,472
[13:09:00] INFO: People: 1
[13:09:00] INFO: Target detected -> MOVE
[13:09:00] INFO: 0.82 193,0,442,475
[13:09:01] INFO: People: 1
[13:09:01] INFO: Target detected -> MOVE
[13:09:01] INFO: 0.72 4,0,633,476
[13:09:01] INFO: People: 1
[13:09:01] INFO: Target detected -> MOVE
[13:09:01] INFO: 0.69 193,0,443,474
[13:09:02] INFO: People: 1
[13:09:02] INFO: Target detected -> MOVE
[13:09:02] INFO: 0.66 1,0,635,476
[13:09:02] INFO: People: 1
[13:09:02] INFO: Target detected -> MOVE
[13:09:02] INFO: 0.83 192,0,440,476
[13:09:03] INFO: People: 1
[13:09:03] INFO: Target detected -> MOVE
[13:09:03] INFO: 0.80 189,1,424,469
[13:09:04] INFO: People: 1
[13:09:04] INFO: Target detected -> MOVE
[13:09:04] INFO: 0.63 264,3,373,469
[13:09:04] INFO: People: 1
[13:09:04] INFO: Target detected -> MOVE
[13:09:04] INFO: 0.90 309,21,329,451
[13:09:05] INFO: People: 0
[13:09:05] INFO: No target -> STOP
[13:09:05] INFO: People: 1
[13:09:05] INFO: Target detected -> MOVE
[13:09:05] INFO: 0.78 300,105,338,367
[13:09:06] INFO: People: 1
[13:09:06] INFO: Target detected -> MOVE
[13:09:06] INFO: 0.50 306,114,330,359
[13:09:07] INFO: People: 1
[13:09:07] INFO: Target detected -> MOVE
[13:09:07] INFO: 0.78 308,122,327,348
[13:09:07] INFO: People: 0
[13:09:07] INFO: No target -> STOP
[13:09:08] INFO: People: 1
[13:09:08] INFO: Target detected -> MOVE
[13:09:08] INFO: 0.62 302,54,336,415
[13:09:08] INFO: People: 1
[13:09:08] INFO: Target detected -> MOVE
[13:09:08] INFO: 0.86 301,6,337,468
[13:09:09] INFO: People: 1
[13:09:09] INFO: Target detected -> MOVE
[13:09:09] INFO: 0.80 246,10,392,467
[13:09:10] INFO: People: 1
[13:09:10] INFO: Target detected -> MOVE
[13:09:11] INFO: 0.73 222,10,413,464
[13:09:12] INFO: People: 1
[13:09:12] INFO: Target detected -> MOVE
[13:09:25] INFO: 0.74 213,0,422,473
[13:09:25] INFO: People: 1
[13:09:25] INFO: Target detected -> MOVE
[13:09:32] INFO: 0.79 190,2,441,470
[13:09:32] INFO: People: 1
[13:09:32] INFO: Target detected -> MOVE
[13:09:51] INFO: 0.90 164,0,474,472
[13:09:51] INFO: People: 0
[13:09:51] INFO: No target -> STOP
[13:08:49] INFO: Arduino connected
[13:08:49] INFO: YOLO detector initialized.
[13:08:50] INFO: Camera started (640x480)
[13:08:50] INFO: Detector running...
[13:08:51] INFO: First 5 raw detections:
[13:08:52] INFO: [5.1592438e+01 8.1379868e+01 6.2508582e+02 5.4764868e+02 5.6478500e-01
 0.0000000e+00]
[13:08:52] INFO: [2.2408115e+02 8.1176765e+01 6.3211987e+02 5.4842340e+02 4.4735867e-01
 0.0000000e+00]
[13:08:52] INFO: [2.84298370e+02 1.07658295e+02 5.30540894e+02 5.38190430e+02
 2.84337223e-01 3.00000000e+01]
[13:08:52] INFO: [0. 0. 0. 0. 0. 0.]
[13:08:52] INFO: [0. 0. 0. 0. 0. 0.]
[13:08:52] INFO: People: 1
[13:08:52] INFO: Target detected -> MOVE
[13:08:52] INFO: 0.56 51,1,573,466
[13:08:53] INFO: People: 1
[13:08:53] INFO: Target detected -> MOVE
[13:08:53] INFO: 0.51 253,1,365,464
[13:08:55] INFO: People: 1
[13:08:55] INFO: Target detected -> MOVE
[13:08:55] INFO: 0.46 249,1,382,467
[13:08:56] INFO: People: 1
[13:08:56] INFO: Target detected -> MOVE
[13:08:56] INFO: 0.48 251,1,383,468
[13:08:57] INFO: People: 1
[13:08:57] INFO: Target detected -> MOVE
[13:08:57] INFO: 0.54 261,1,377,464
[13:08:58] INFO: People: 0
[13:08:58] INFO: No target -> STOP
[13:08:59] INFO: People: 1
[13:08:59] INFO: Target detected -> MOVE
[13:08:59] INFO: 0.53 245,2,381,464
[13:09:01] INFO: People: 1
[13:09:01] INFO: Target detected -> MOVE
[13:09:01] INFO: 0.62 244,2,388,463
[13:09:02] INFO: People: 1
[13:09:02] INFO: Target detected -> MOVE
[13:09:02] INFO: 0.60 246,2,388,463
[13:09:03] INFO: People: 2
[13:09:03] INFO: Target detected -> MOVE
[13:09:03] INFO: 0.62 41,1,582,466
[13:09:03] INFO: 0.48 237,1,399,463
[13:09:04] INFO: People: 1
[13:09:04] INFO: Target detected -> MOVE
[13:09:04] INFO: 0.53 249,1,383,461
[13:09:05] INFO: People: 2
[13:09:05] INFO: Target detected -> MOVE
[13:09:05] INFO: 0.52 7,1,587,467
[13:09:05] INFO: 0.47 232,2,403,463
[13:09:07] INFO: People: 1
[13:09:07] INFO: Target detected -> MOVE
[13:09:07] INFO: 0.47 250,1,381,462
[13:09:08] INFO: People: 1
[13:09:08] INFO: Target detected -> MOVE
[13:09:08] INFO: 0.53 247,2,386,465
[13:09:09] INFO: People: 1
[13:09:09] INFO: Target detected -> MOVE
[13:09:09] INFO: 0.52 249,2,386,462
[13:09:10] INFO: People: 0
[13:09:11] INFO: No target -> STOP
[13:09:12] INFO: People: 1
[13:09:12] INFO: Target detected -> MOVE
[13:09:12] INFO: 0.61 246,1,391,459
[13:09:13] INFO: People: 1
[13:09:13] INFO: Target detected -> MOVE
[13:09:13] INFO: 0.78 144,2,492,465
[13:09:14] INFO: People: 0
[13:09:14] INFO: No target -> STOP
[13:09:15] INFO: People: 0
[13:09:15] INFO: No target -> STOP
[13:09:17] INFO: People: 0
[13:09:17] INFO: No target -> STOP
[13:09:18] INFO: People: 0
[13:09:18] INFO: No target -> STOP
[13:09:19] INFO: People: 0
[13:09:19] INFO: No target -> STOP
[13:09:20] INFO: People: 0
[13:09:20] INFO: No target -> STOP
[13:09:22] INFO: People: 0
[13:09:22] INFO: No target -> STOP
[13:09:23] INFO: People: 0
[13:09:23] INFO: No target -> STOP
[13:09:24] INFO: People: 0
[13:09:24] INFO: No target -> STOP
[13:09:25] INFO: People: 0
[13:09:25] INFO: No target -> STOP
[13:09:26] INFO: People: 0
[13:09:26] INFO: No target -> STOP
[13:09:28] INFO: People: 0
[13:09:28] INFO: No target -> STOP
[13:09:29] INFO: People: 0
[13:09:29] INFO: No target -> STOP
[13:09:30] INFO: People: 0
[13:09:30] INFO: No target -> STOP
[13:09:31] INFO: People: 0
[13:09:31] INFO: No target -> STOP
[13:09:32] INFO: People: 0
[13:09:32] INFO: No target -> STOP
[13:09:34] INFO: People: 0
[13:09:34] INFO: No target -> STOP
[13:09:35] INFO: People: 0
[13:09:35] INFO: No target -> STOP
[13:09:36] INFO: People: 0
[13:09:36] INFO: No target -> STOP
[13:09:37] INFO: People: 0
[13:09:37] INFO: No target -> STOP
[13:09:38] INFO: People: 0
[13:09:38] INFO: No target -> STOP
[13:09:40] INFO: People: 0
[13:09:40] INFO: No target -> STOP
[13:09:41] INFO: People: 0
[13:09:41] INFO: No target -> STOP
[13:09:42] INFO: People: 0
[13:09:42] INFO: No target -> STOP
[13:09:43] INFO: People: 0
[13:09:43] INFO: No target -> STOP
[13:09:44] INFO: People: 0
[13:09:44] INFO: No target -> STOP
[13:09:46] INFO: People: 0
[13:09:46] INFO: No target -> STOP
[13:09:47] INFO: People: 0
[13:09:47] INFO: No target -> STOP
[13:09:48] INFO: People: 0
[13:09:48] INFO: No target -> STOP
[13:09:49] INFO: People: 0
[13:09:49] INFO: No target -> STOP
[13:09:50] INFO: People: 0
[13:09:50] INFO: No target -> STOP
[13:09:52] INFO: People: 0
[13:09:52] INFO: No target -> STOP
[13:09:53] INFO: People: 0
[13:09:53] INFO: No target -> STOP
[13:09:54] INFO: People: 0
[13:09:54] INFO: No target -> STOP
[13:09:55] INFO: People: 0
[13:09:55] INFO: No target -> STOP
[13:09:56] INFO: People: 0
[13:09:56] INFO: No target -> STOP
[13:09:57] INFO: People: 0
[13:09:57] INFO: No target -> STOP
[13:09:59] INFO: People: 0
[13:09:59] INFO: No target -> STOP
[13:10:00] INFO: People: 0
[13:10:00] INFO: No target -> STOP
[13:10:01] INFO: People: 0
[13:10:01] INFO: No target -> STOP
[13:10:02] INFO: People: 1
[13:10:02] INFO: Target detected -> MOVE
[13:10:02] INFO: 0.50 0,3,385,470
[13:10:03] INFO: People: 0
[13:10:03] INFO: No target -> STOP
[13:10:04] INFO: People: 1
[13:10:04] INFO: Target detected -> MOVE
[13:10:04] INFO: 0.76 266,1,367,462
[13:10:06] INFO: People: 1
[13:10:06] INFO: Target detected -> MOVE
[13:10:06] INFO: 0.51 311,1,326,465
[13:10:07] INFO: People: 1
[13:10:07] INFO: Target detected -> MOVE
[13:10:07] INFO: 0.54 309,2,325,460
[13:10:08] INFO: People: 0
[13:10:08] INFO: No target -> STOP
[13:10:09] INFO: People: 0
[13:10:09] INFO: No target -> STOP
[13:10:10] INFO: People: 1
[13:10:10] INFO: Target detected -> MOVE
[13:10:10] INFO: 0.46 298,2,332,461
[13:10:12] INFO: People: 1
[13:10:12] INFO: Target detected -> MOVE
[13:10:12] INFO: 0.64 241,2,397,460
[13:10:13] INFO: People: 1
[13:10:13] INFO: Target detected -> MOVE
[13:10:13] INFO: 0.76 96,4,542,466
[13:10:14] INFO: People: 0
[13:10:14] INFO: No target -> STOP
[13:10:15] INFO: People: 0
[13:10:15] INFO: No target -> STOP
[13:10:16] INFO: People: 0
[13:10:16] INFO: No target -> STOP
[13:10:17] INFO: People: 0
[13:10:17] INFO: No target -> STOP
[13:10:18] INFO: People: 0
[13:10:18] INFO: No target -> STOP
[13:10:20] INFO: People: 1
[13:10:20] INFO: Target detected -> MOVE
[13:10:20] INFO: 0.59 8,1,628,471
[13:10:21] INFO: People: 0
[13:10:21] INFO: No target -> STOP
[13:10:22] INFO: People: 1
[13:10:22] INFO: Target detected -> MOVE
[13:10:22] INFO: 0.83 49,2,587,462
[13:10:23] INFO: People: 0
[13:10:23] INFO: No target -> STOP
[13:10:24] INFO: People: 0
[13:10:24] INFO: No target -> STOP
[13:10:25] INFO: People: 0
[13:10:25] INFO: No target -> STOP
[13:10:26] INFO: People: 0
[13:10:26] INFO: No target -> STOP
[13:10:28] INFO: People: 0
[13:10:28] INFO: No target -> STOP
                                                                                                                                                                                                [13:08:51] INFO: Arduino connected
[13:08:52] INFO: YOLO detector initialized.
[13:08:53] INFO: Camera started (640x480)
[13:08:53] INFO: Detector running...
[13:08:54] INFO: First 5 raw detections:
[13:08:54] INFO: [ 36.888733    78.62091    633.44604    555.10077      0.80370474
   0.        ]
[13:08:54] INFO: [0. 0. 0. 0. 0. 0.]
[13:08:54] INFO: [0. 0. 0. 0. 0. 0.]
[13:08:54] INFO: [0. 0. 0. 0. 0. 0.]
[13:08:54] INFO: [0. 0. 0. 0. 0. 0.]
[13:08:54] INFO: People: 1
[13:08:54] INFO: Target detected -> MOVE
[13:08:54] INFO: 0.80 36,0,596,475
[13:08:56] INFO: People: 1
[13:08:56] INFO: Target detected -> MOVE
[13:08:56] INFO: 0.81 57,0,581,471
[13:08:57] INFO: People: 1
[13:08:57] INFO: Target detected -> MOVE
[13:08:57] INFO: 0.77 12,0,626,471
[13:08:58] INFO: People: 1
[13:08:58] INFO: Target detected -> MOVE
[13:08:58] INFO: 0.78 107,1,530,469
[13:09:00] INFO: People: 1
[13:09:00] INFO: Target detected -> MOVE
[13:09:00] INFO: 0.78 136,0,502,472
[13:09:01] INFO: People: 1
[13:09:01] INFO: Target detected -> MOVE
[13:09:01] INFO: 0.87 143,0,491,471
[13:09:02] INFO: People: 1
[13:09:02] INFO: Target detected -> MOVE
[13:09:02] INFO: 0.80 146,0,492,471
[13:09:03] INFO: People: 1
[13:09:03] INFO: Target detected -> MOVE
[13:09:03] INFO: 0.81 139,2,499,469
[13:09:04] INFO: People: 1
[13:09:04] INFO: Target detected -> MOVE
[13:09:04] INFO: 0.81 69,0,568,469
[13:09:05] INFO: People: 1
[13:09:05] INFO: Target detected -> MOVE
[13:09:05] INFO: 0.85 57,0,581,473
[13:09:07] INFO: People: 1
[13:09:07] INFO: Target detected -> MOVE
[13:09:07] INFO: 0.79 70,1,567,472
[13:09:08] INFO: People: 1
[13:09:08] INFO: Target detected -> MOVE
[13:09:08] INFO: 0.73 56,2,582,467
[13:09:09] INFO: People: 1
[13:09:09] INFO: Target detected -> MOVE
[13:09:09] INFO: 0.83 56,0,582,472
[13:09:10] INFO: People: 1
[13:09:10] INFO: Target detected -> MOVE
[13:09:10] INFO: 0.84 33,0,601,477
[13:09:11] INFO: People: 1
[13:09:11] INFO: Target detected -> MOVE
[13:09:11] INFO: 0.66 39,2,595,470
[13:09:12] INFO: People: 1
[13:09:12] INFO: Target detected -> MOVE
[13:09:12] INFO: 0.83 32,1,597,471
[13:09:14] INFO: People: 1
[13:09:14] INFO: Target detected -> MOVE
[13:09:14] INFO: 0.82 51,4,586,468
[13:09:15] INFO: People: 1
[13:09:15] INFO: Target detected -> MOVE
[13:09:15] INFO: 0.75 28,3,590,468
[13:09:16] INFO: People: 1
[13:09:16] INFO: Target detected -> MOVE
[13:09:16] INFO: 0.62 76,0,524,473
[13:09:17] INFO: People: 1
[13:09:17] INFO: Target detected -> MOVE
[13:09:17] INFO: 0.78 8,1,622,469
[13:09:18] INFO: People: 1
[13:09:18] INFO: Target detected -> MOVE
[13:09:18] INFO: 0.81 63,4,573,467
[13:09:19] INFO: People: 1
[13:09:19] INFO: Target detected -> MOVE
[13:09:19] INFO: 0.85 43,3,593,469
[13:09:21] INFO: People: 1
[13:09:21] INFO: Target detected -> MOVE
[13:09:21] INFO: 0.76 33,3,602,471
[13:09:22] INFO: People: 1
[13:09:22] INFO: Target detected -> MOVE
[13:09:22] INFO: 0.76 74,1,554,472
[13:09:23] INFO: People: 1
[13:09:23] INFO: Target detected -> MOVE
[13:09:23] INFO: 0.71 39,0,599,471
[13:09:24] INFO: People: 1
[13:09:24] INFO: Target detected -> MOVE
[13:09:24] INFO: 0.67 80,0,552,473
                                                                                                                                                                                                                                                                                                                                                                                                                                                                                                                                                                                                                                                                                                                                                                                                                     [13:08:53] INFO: Arduino connected
[13:08:54] INFO: YOLO detector initialized.
[13:08:54] INFO: Camera started (640x480)
[13:08:54] INFO: Detector running...
[13:08:56] INFO: First 5 raw detections:
[13:08:56] INFO: [5.3268661e+01 8.0739029e+01 6.2318463e+02 5.5110095e+02 2.6733118e-01
 1.3000000e+01]
[13:08:56] INFO: [0. 0. 0. 0. 0. 0.]
[13:08:56] INFO: [0. 0. 0. 0. 0. 0.]
[13:08:56] INFO: [0. 0. 0. 0. 0. 0.]
[13:08:56] INFO: [0. 0. 0. 0. 0. 0.]
[13:08:56] INFO: People: 0
[13:08:56] INFO: No target -> STOP
[13:08:58] INFO: People: 0
[13:08:58] INFO: No target -> STOP
[13:08:59] INFO: People: 1
[13:08:59] INFO: Target detected -> MOVE
[13:08:59] INFO: 0.66 0,0,346,472
[13:09:00] INFO: People: 1
[13:09:00] INFO: Target detected -> MOVE
[13:09:00] INFO: 0.84 228,2,409,467
[13:09:01] INFO: People: 1
[13:09:01] INFO: Target detected -> MOVE
[13:09:01] INFO: 0.78 278,0,360,469
[13:09:03] INFO: People: 1
[13:09:03] INFO: Target detected -> MOVE
[13:09:03] INFO: 0.71 287,2,351,467
[13:09:04] INFO: People: 2
[13:09:04] INFO: Target detected -> MOVE
[13:09:04] INFO: 0.67 283,2,355,467
[13:09:04] INFO: 0.46 160,444,30,34
[13:09:05] INFO: People: 1
[13:09:05] INFO: Target detected -> MOVE
[13:09:05] INFO: 0.67 263,2,374,471
[13:09:06] INFO: People: 1
[13:09:06] INFO: Target detected -> MOVE
[13:09:06] INFO: 0.64 278,2,347,469
[13:09:07] INFO: People: 1
[13:09:07] INFO: Target detected -> MOVE
[13:09:07] INFO: 0.57 212,0,425,472
[13:09:09] INFO: People: 1
[13:09:09] INFO: Target detected -> MOVE
[13:09:09] INFO: 0.68 170,1,466,473
[13:09:10] INFO: People: 1
[13:09:10] INFO: Target detected -> MOVE
[13:09:10] INFO: 0.51 232,2,405,473
[13:09:11] INFO: People: 1
[13:09:11] INFO: Target detected -> MOVE
[13:09:11] INFO: 0.48 204,1,433,474
[13:09:12] INFO: People: 1
[13:09:12] INFO: Target detected -> MOVE
[13:09:12] INFO: 0.70 174,2,463,472
[13:09:13] INFO: People: 2
[13:09:13] INFO: Target detected -> MOVE
[13:09:13] INFO: 0.70 99,395,68,83
[13:09:13] INFO: 0.69 173,1,465,470
[13:09:15] INFO: People: 1
[13:09:15] INFO: Target detected -> MOVE
[13:09:15] INFO: 0.76 66,1,570,471
[13:09:16] INFO: People: 1
[13:09:16] INFO: Target detected -> MOVE
[13:09:16] INFO: 0.65 243,2,394,471
[13:09:17] INFO: People: 0
[13:09:17] INFO: No target -> STOP
[13:09:18] INFO: People: 1
[13:09:18] INFO: Target detected -> MOVE
[13:09:18] INFO: 0.66 220,1,417,472
[13:09:20] INFO: People: 1
[13:09:20] INFO: Target detected -> MOVE
[13:09:20] INFO: 0.67 145,1,492,474
[13:09:21] INFO: People: 1
[13:09:21] INFO: Target detected -> MOVE
[13:09:21] INFO: 0.65 201,1,437,473
[13:09:22] INFO: People: 1
[13:09:22] INFO: Target detected -> MOVE
[13:09:22] INFO: 0.61 56,1,582,474
[13:09:23] INFO: People: 0
[13:09:23] INFO: No target -> STOP
[13:09:24] INFO: People: 1
[13:09:24] INFO: Target detected -> MOVE
[13:09:24] INFO: 0.69 219,2,418,468
[13:09:26] INFO: People: 1
[13:09:26] INFO: Target detected -> MOVE
[13:09:26] INFO: 0.81 239,2,398,465
[13:09:27] INFO: People: 1
[13:09:27] INFO: Target detected -> MOVE
[13:09:27] INFO: 0.82 231,0,403,472
[13:09:28] INFO: People: 1
[13:09:28] INFO: Target detected -> MOVE
[13:09:28] INFO: 0.69 229,3,408,465
[13:09:29] INFO: People: 1
[13:09:29] INFO: Target detected -> MOVE
[13:09:29] INFO: 0.78 230,2,404,464
[13:09:30] INFO: People: 1
[13:09:30] INFO: Target detected -> MOVE
[13:09:30] INFO: 0.73 210,1,427,467
[13:09:31] INFO: People: 1
[13:09:31] INFO: Target detected -> MOVE
[13:09:31] INFO: 0.65 262,1,376,473
[13:09:33] INFO: People: 1
[13:09:33] INFO: Target detected -> MOVE
[13:09:33] INFO: 0.53 0,11,297,464
[13:09:34] INFO: People: 0
[13:09:34] INFO: No target -> STOP
[13:09:35] INFO: People: 0
[13:09:35] INFO: No target -> STOP
[13:09:36] INFO: People: 0
[13:09:36] INFO: No target -> STOP
[13:09:37] INFO: People: 0
[13:09:37] INFO: No target -> STOP
[13:09:38] INFO: People: 0
[13:09:38] INFO: No target -> STOP
[13:09:39] INFO: People: 0
[13:09:39] INFO: No target -> STOP
[13:09:41] INFO: People: 0
[13:09:41] INFO: No target -> STOP
[13:09:42] INFO: People: 0
[13:09:42] INFO: No target -> STOP
[13:09:43] INFO: People: 1
[13:09:43] INFO: Target detected -> MOVE
[13:09:43] INFO: 0.88 57,180,122,294
[13:09:44] INFO: People: 0
[13:09:44] INFO: No target -> STOP
[13:09:45] INFO: People: 0
[13:09:45] INFO: No target -> STOP
[13:09:46] INFO: People: 0
[13:09:46] INFO: No target -> STOP
[13:09:47] INFO: People: 0
[13:09:47] INFO: No target -> STOP
[13:09:49] INFO: People: 1
[13:09:49] INFO: Target detected -> MOVE
[13:09:49] INFO: 0.81 73,131,110,342
[13:09:50] INFO: People: 1
[13:09:50] INFO: Target detected -> MOVE
[13:09:50] INFO: 0.88 65,130,117,344
[13:09:51] INFO: People: 1
[13:09:51] INFO: Target detected -> MOVE
[13:09:51] INFO: 0.78 62,134,119,338
[13:09:52] INFO: People: 1
[13:09:52] INFO: Target detected -> MOVE
[13:09:52] INFO: 0.86 82,128,100,346
[13:09:53] INFO: People: 1
[13:09:53] INFO: Target detected -> MOVE
[13:09:53] INFO: 0.86 64,125,121,349
[13:09:54] INFO: People: 1
[13:09:54] INFO: Target detected -> MOVE
[13:09:54] INFO: 0.88 83,134,103,341
[13:09:55] INFO: People: 1
[13:09:55] INFO: Target detected -> MOVE
[13:09:55] INFO: 0.89 100,160,102,315
[13:09:57] INFO: People: 1
[13:09:57] INFO: Target detected -> MOVE
[13:09:57] INFO: 0.92 159,120,201,355
[13:09:58] INFO: People: 1
[13:09:58] INFO: Target detected -> MOVE
[13:09:58] INFO: 0.84 182,28,264,447
[13:09:59] INFO: People: 1
[13:09:59] INFO: Target detected -> MOVE
[13:09:59] INFO: 0.81 250,1,309,470
[13:10:00] INFO: People: 1
[13:10:00] INFO: Target detected -> MOVE
[13:10:00] INFO: 0.58 221,2,417,473
[13:10:01] INFO: People: 0
[13:10:01] INFO: No target -> STOP
[13:10:02] INFO: People: 1
[13:10:02] INFO: Target detected -> MOVE
[13:10:02] INFO: 0.58 318,3,320,472
[13:10:04] INFO: People: 0
[13:10:04] INFO: No target -> STOP
[13:10:05] INFO: People: 0
[13:10:05] INFO: No target -> STOP
[13:10:06] INFO: People: 0
[13:10:06] INFO: No target -> STOP
[13:10:07] INFO: People: 0
[13:10:07] INFO: No target -> STOP
[13:10:08] INFO: People: 1
[13:10:08] INFO: Target detected -> MOVE
[13:10:08] INFO: 0.70 361,1,244,297
[13:10:09] INFO: People: 1
[13:10:09] INFO: Target detected -> MOVE
[13:10:09] INFO: 0.84 360,0,240,303
[13:10:10] INFO: People: 1
[13:10:10] INFO: Target detected -> MOVE
[13:10:10] INFO: 0.67 366,1,272,465
[13:10:12] INFO: People: 1
[13:10:12] INFO: Target detected -> MOVE
[13:10:12] INFO: 0.84 343,2,295,467
[13:10:13] INFO: People: 1
[13:10:13] INFO: Target detected -> MOVE
[13:10:13] INFO: 0.63 299,18,248,332
[13:10:14] INFO: People: 1
[13:10:14] INFO: Target detected -> MOVE
[13:10:14] INFO: 0.69 428,2,198,267
[13:10:15] INFO: People: 0
[13:10:15] INFO: No target -> STOP
[13:10:16] INFO: People: 0
[13:10:16] INFO: No target -> STOP
[13:10:17] INFO: People: 0
[13:10:17] INFO: No target -> STOP
[13:10:19] INFO: People: 0
[13:10:19] INFO: No target -> STOP
[13:10:20] INFO: People: 0
[13:10:20] INFO: No target -> STOP
[13:10:21] INFO: People: 0
[13:10:21] INFO: No target -> STOP
[13:10:22] INFO: People: 0
[13:10:22] INFO: No target -> STOP
[13:10:23] INFO: People: 0
[13:10:23] INFO: No target -> STOP
[13:10:24] INFO: People: 0
[13:10:24] INFO: No target -> STOP
[13:10:25] INFO: People: 0
[13:10:25] INFO: No target -> STOP
[13:10:27] INFO: People: 0
[13:10:27] INFO: No target -> STOP
[13:10:28] INFO: People: 1
[13:10:28] INFO: Target detected -> MOVE
[13:10:28] INFO: 0.87 84,235,106,241
[13:10:29] INFO: People: 0
[13:10:29] INFO: No target -> STOP
[13:10:30] INFO: People: 0
[13:10:30] INFO: No target -> STOP
[13:10:31] INFO: People: 0
[13:10:31] INFO: No target -> STOP
[13:10:32] INFO: People: 0
[13:10:32] INFO: No target -> STOP
[13:10:33] INFO: People: 0
[13:10:33] INFO: No target -> STOP
[13:10:35] INFO: People: 0
[13:10:35] INFO: No target -> STOP
[13:10:44] INFO: People: 0
[13:10:44] INFO: No target -> STOP
[13:10:59] INFO: People: 0
[13:10:59] INFO: No target -> STOP
[13:11:11] INFO: People: 1
[13:11:11] INFO: Target detected -> MOVE
[13:11:14] INFO: 0.88 103,334,119,143
[13:11:15] INFO: People: 1
[13:11:15] INFO: Target detected -> MOVE
[13:11:32] INFO: 0.86 196,2,304,471
[13:11:33] INFO: People: 2
[13:11:33] INFO: Target detected -> MOVE
[13:11:33] INFO: 0.63 271,0,264,315
[13:11:33] INFO: 0.63 268,0,297,473
[13:11:34] INFO: People: 0
[13:11:34] INFO: No target -> STOP
[13:11:38] INFO: People: 0
[13:11:38] INFO: No target -> STOP
[13:11:59] INFO: People: 0
[13:11:59] INFO: No target -> STOP
[13:08:53] INFO: Arduino connected
[13:08:54] INFO: YOLO detector initialized.
[13:08:54] INFO: Camera started (640x480)
[13:08:54] INFO: Detector running...
[13:08:56] INFO: First 5 raw detections:
[13:08:56] INFO: [102.01318    209.8825     301.63687    550.9669       0.83864963
   0.        ]
[13:08:56] INFO: [0. 0. 0. 0. 0. 0.]
[13:08:56] INFO: [0. 0. 0. 0. 0. 0.]
[13:08:56] INFO: [0. 0. 0. 0. 0. 0.]
[13:08:56] INFO: [0. 0. 0. 0. 0. 0.]
[13:08:56] INFO: People: 1
[13:08:56] INFO: Target detected -> MOVE
[13:08:56] INFO: 0.84 102,129,199,341
[13:08:58] INFO: People: 1
[13:08:58] INFO: Target detected -> MOVE
[13:08:58] INFO: 0.81 101,130,196,338
[13:08:59] INFO: People: 1
[13:08:59] INFO: Target detected -> MOVE
[13:08:59] INFO: 0.84 78,93,200,379
[13:09:00] INFO: People: 0
[13:09:00] INFO: No target -> STOP
[13:09:01] INFO: People: 0
[13:09:01] INFO: No target -> STOP
[13:09:02] INFO: People: 0
[13:09:02] INFO: No target -> STOP
[13:09:03] INFO: People: 1
[13:09:03] INFO: Target detected -> MOVE
[13:09:03] INFO: 0.62 316,1,322,472
[13:09:05] INFO: People: 0
[13:09:05] INFO: No target -> STOP
[13:09:06] INFO: People: 0
[13:09:06] INFO: No target -> STOP
[13:09:07] INFO: People: 0
[13:09:07] INFO: No target -> STOP
[13:09:08] INFO: People: 1
[13:09:08] INFO: Target detected -> MOVE
[13:09:08] INFO: 0.49 6,1,627,473
[13:09:09] INFO: People: 1
[13:09:09] INFO: Target detected -> MOVE
[13:09:09] INFO: 0.52 6,0,630,472
[13:09:10] INFO: People: 0
[13:09:10] INFO: No target -> STOP
[13:09:11] INFO: People: 0
[13:09:11] INFO: No target -> STOP
[13:09:12] INFO: People: 0
[13:09:12] INFO: No target -> STOP
[13:09:14] INFO: People: 2
[13:09:14] INFO: Target detected -> MOVE
[13:09:14] INFO: 0.70 193,184,188,289
[13:09:14] INFO: 0.54 346,1,292,466
[13:09:15] INFO: People: 2
[13:09:15] INFO: Target detected -> MOVE
[13:09:15] INFO: 0.64 365,2,273,464
[13:09:15] INFO: 0.58 187,172,192,302
[13:09:16] INFO: People: 1
[13:09:16] INFO: Target detected -> MOVE
[13:09:16] INFO: 0.55 367,1,271,460
[13:09:17] INFO: People: 0
[13:09:17] INFO: No target -> STOP
[13:09:18] INFO: People: 0
[13:09:18] INFO: No target -> STOP
[13:09:19] INFO: People: 1
[13:09:19] INFO: Target detected -> MOVE
[13:09:19] INFO: 0.51 0,1,152,471
[13:09:21] INFO: People: 1
[13:09:21] INFO: Target detected -> MOVE
[13:09:21] INFO: 0.47 363,2,275,465
[13:09:22] INFO: People: 0
[13:09:22] INFO: No target -> STOP
[13:09:23] INFO: People: 0
[13:09:23] INFO: No target -> STOP
[13:09:24] INFO: People: 0
[13:09:24] INFO: No target -> STOP
[13:09:25] INFO: People: 0
[13:09:25] INFO: No target -> STOP
[13:09:26] INFO: People: 0
[13:09:26] INFO: No target -> STOP
[13:09:27] INFO: People: 0
[13:09:27] INFO: No target -> STOP
[13:09:28] INFO: People: 0
[13:09:28] INFO: No target -> STOP
[13:09:30] INFO: People: 0
[13:09:30] INFO: No target -> STOP
[13:09:31] INFO: People: 0
[13:09:31] INFO: No target -> STOP
[13:09:32] INFO: People: 0
[13:09:32] INFO: No target -> STOP
[13:09:33] INFO: People: 2
[13:09:33] INFO: Target detected -> MOVE
[13:09:33] INFO: 0.50 199,1,439,471
[13:09:33] INFO: 0.46 197,1,133,170
[13:09:34] INFO: People: 0
[13:09:34] INFO: No target -> STOP
[13:09:35] INFO: People: 0
[13:09:35] INFO: No target -> STOP
[13:09:37] INFO: People: 0
[13:09:37] INFO: No target -> STOP
[13:09:38] INFO: People: 2
[13:09:38] INFO: Target detected -> MOVE
[13:09:38] INFO: 0.50 46,1,592,473
[13:09:38] INFO: 0.46 256,2,382,468
[13:09:39] INFO: People: 1
[13:09:39] INFO: Target detected -> MOVE
[13:09:39] INFO: 0.46 247,1,390,469
[13:09:40] INFO: People: 0
[13:09:40] INFO: No target -> STOP
[13:09:41] INFO: People: 0
[13:09:41] INFO: No target -> STOP
[13:09:42] INFO: People: 0
[13:09:42] INFO: No target -> STOP
[13:09:43] INFO: People: 1
[13:09:43] INFO: Target detected -> MOVE
[13:09:43] INFO: 0.85 116,64,220,410
[13:09:44] INFO: People: 0
[13:09:44] INFO: No target -> STOP
[13:09:46] INFO: People: 1
[13:09:46] INFO: Target detected -> MOVE
[13:09:46] INFO: 0.77 122,120,208,354
[13:09:47] INFO: People: 1
[13:09:47] INFO: Target detected -> MOVE
[13:09:47] INFO: 0.56 112,108,221,364
[13:09:48] INFO: People: 1
[13:09:48] INFO: Target detected -> MOVE
[13:09:48] INFO: 0.68 132,103,205,369
[13:09:49] INFO: People: 1
[13:09:49] INFO: Target detected -> MOVE
[13:09:49] INFO: 0.46 330,2,308,473
[13:09:50] INFO: People: 0
[13:09:50] INFO: No target -> STOP
[13:09:51] INFO: People: 0
[13:09:51] INFO: No target -> STOP
[13:09:52] INFO: People: 0
[13:09:52] INFO: No target -> STOP
[13:09:53] INFO: People: 0
[13:09:53] INFO: No target -> STOP
[13:09:55] INFO: People: 1
[13:09:55] INFO: Target detected -> MOVE
[13:09:55] INFO: 0.51 15,1,622,474
[13:09:56] INFO: People: 1
[13:09:56] INFO: Target detected -> MOVE
[13:09:56] INFO: 0.50 61,1,577,471
[13:09:57] INFO: People: 1
[13:09:57] INFO: Target detected -> MOVE
[13:09:57] INFO: 0.59 305,251,145,226
[13:09:58] INFO: People: 0
[13:09:58] INFO: No target -> STOP
[13:09:59] INFO: People: 0
[13:09:59] INFO: No target -> STOP
[13:10:00] INFO: People: 0
[13:10:00] INFO: No target -> STOP
[13:10:01] INFO: People: 1
[13:10:01] INFO: Target detected -> MOVE
[13:10:01] INFO: 0.63 278,235,142,240
[13:10:02] INFO: People: 1
[13:10:02] INFO: Target detected -> MOVE
[13:10:02] INFO: 0.72 280,225,145,251
[13:10:04] INFO: People: 0
[13:10:04] INFO: No target -> STOP
[13:10:05] INFO: People: 0
[13:10:05] INFO: No target -> STOP
[13:10:06] INFO: People: 0
[13:10:06] INFO: No target -> STOP
[13:10:07] INFO: People: 0
[13:10:07] INFO: No target -> STOP
[13:10:08] INFO: People: 0
[13:10:08] INFO: No target -> STOP
[13:10:09] INFO: People: 0
[13:10:09] INFO: No target -> STOP
[13:10:10] INFO: People: 0
[13:10:10] INFO: No target -> STOP
[13:10:12] INFO: People: 0
[13:10:12] INFO: No target -> STOP
[13:10:13] INFO: People: 1
[13:10:13] INFO: Target detected -> MOVE
[13:10:13] INFO: 0.72 205,168,175,301
[13:10:14] INFO: People: 1
[13:10:14] INFO: Target detected -> MOVE
[13:10:14] INFO: 0.55 206,168,169,295
[13:10:15] INFO: People: 0
[13:10:15] INFO: No target -> STOP
[13:10:16] INFO: People: 0
[13:10:16] INFO: No target -> STOP
[13:10:17] INFO: People: 1
[13:10:17] INFO: Target detected -> MOVE
[13:10:17] INFO: 0.58 62,60,323,410
[13:10:18] INFO: People: 1
[13:10:18] INFO: Target detected -> MOVE
[13:10:18] INFO: 0.85 68,50,256,417
[13:10:19] INFO: People: 1
[13:10:19] INFO: Target detected -> MOVE
[13:10:19] INFO: 0.59 73,51,242,416
[13:10:21] INFO: People: 0
[13:10:21] INFO: No target -> STOP
[13:10:22] INFO: People: 0
[13:10:22] INFO: No target -> STOP
[13:10:23] INFO: People: 0
[13:10:23] INFO: No target -> STOP
[13:10:24] INFO: People: 0
[13:10:24] INFO: No target -> STOP
[13:10:25] INFO: People: 0
[13:10:25] INFO: No target -> STOP
[13:10:26] INFO: People: 0
[13:10:26] INFO: No target -> STOP
[13:10:27] INFO: People: 0
[13:10:27] INFO: No target -> STOP
[13:10:29] INFO: People: 0
[13:10:29] INFO: No target -> STOP
[13:10:30] INFO: People: 0
[13:10:30] INFO: No target -> STOP
[13:10:31] INFO: People: 0
[13:10:31] INFO: No target -> STOP
[13:10:32] INFO: People: 0
[13:10:32] INFO: No target -> STOP
[13:10:33] INFO: People: 0
[13:10:33] INFO: No target -> STOP
[13:10:34] INFO: People: 0
[13:10:34] INFO: No target -> STOP
[13:10:35] INFO: People: 0
[13:10:35] INFO: No target -> STOP
[13:10:36] INFO: People: 0
[13:10:36] INFO: No target -> STOP
[13:10:38] INFO: People: 0
[13:10:38] INFO: No target -> STOP
[13:10:39] INFO: People: 0
[13:10:39] INFO: No target -> STOP
[13:10:48] INFO: People: 0
[13:10:48] INFO: No target -> STOP
[13:10:58] INFO: People: 0
[13:10:58] INFO: No target -> STOP
[13:11:18] INFO: People: 1
[13:11:18] INFO: Target detected -> MOVE
[13:11:22] INFO: 0.48 305,2,328,313
[13:11:23] INFO: People: 1
[13:11:23] INFO: Target detected -> MOVE
[13:11:45] INFO: 0.61 305,1,333,470
[13:11:46] INFO: People: 1
[13:11:46] INFO: Target detected -> MOVE
[13:12:08] INFO: 0.91 370,1,268,471
[13:12:09] INFO: People: 2
[13:12:09] INFO: Target detected -> MOVE
[13:12:25] INFO: 0.82 190,0,217,470
[13:12:25] INFO: 0.57 438,333,40,93
[13:12:26] INFO: People: 1
[13:12:26] INFO: Target detected -> MOVE
[13:12:47] INFO: 0.79 0,1,625,469
[13:12:48] INFO: People: 0
[13:12:48] INFO: No target -> STOP
[13:13:03] INFO: People: 0
[13:13:03] INFO: No target -> STOP
[13:13:16] INFO: People: 0
[13:13:16] INFO: No target -> STOP
[13:13:22] INFO: People: 0
[13:13:22] INFO: No target -> STOP
[13:13:44] INFO: People: 1
[13:13:44] INFO: Target detected -> MOVE
[13:14:07] INFO: 0.59 184,1,445,472
[13:14:08] INFO: People: 0
[13:14:08] INFO: No target -> STOP
[13:14:31] INFO: People: 0
[13:14:31] INFO: No target -> STOP
[13:14:57] INFO: People: 0
[13:14:57] INFO: No target -> STOP
[13:15:02] INFO: People: 0
[13:15:02] INFO: No target -> STOP
[13:15:24] INFO: People: 0
[13:15:24] INFO: No target -> STOP
[13:15:40] INFO: People: 0
[13:15:40] INFO: No target -> STOP
[13:15:58] INFO: People: 0
[13:15:58] INFO: No target -> STOP
[13:16:00] INFO: People: 0
[13:16:00] INFO: No target -> STOP
[13:16:11] INFO: People: 0
[13:16:11] INFO: No target -> STOP
[13:13:59] INFO: Arduino connected
[13:14:00] INFO: YOLO detector initialized.
[13:14:00] INFO: Camera started (640x480)
[13:14:00] INFO: Detector running...
[13:14:01] INFO: First 5 raw detections:
[13:14:01] INFO: [3.0562027e+01 4.0955469e+02 2.0803709e+02 5.5648096e+02 2.5101668e-01
 5.6000000e+01]
[13:14:01] INFO: [0. 0. 0. 0. 0. 0.]
[13:14:01] INFO: [0. 0. 0. 0. 0. 0.]
[13:14:01] INFO: [0. 0. 0. 0. 0. 0.]
[13:14:01] INFO: [0. 0. 0. 0. 0. 0.]
[13:14:01] INFO: People: 0
[13:14:01] INFO: No target -> STOP
[13:14:02] INFO: People: 0
[13:14:02] INFO: No target -> STOP
[13:14:03] INFO: People: 0
[13:14:03] INFO: No target -> STOP
[13:14:03] INFO: People: 0
[13:14:03] INFO: No target -> STOP
[13:14:04] INFO: People: 0
[13:14:04] INFO: No target -> STOP
[13:14:05] INFO: People: 0
[13:14:05] INFO: No target -> STOP
[13:14:05] INFO: People: 0
[13:14:05] INFO: No target -> STOP
[13:14:06] INFO: People: 0
[13:14:06] INFO: No target -> STOP
[13:14:06] INFO: People: 0
[13:14:06] INFO: No target -> STOP
[13:14:07] INFO: People: 0
[13:14:07] INFO: No target -> STOP
[13:14:08] INFO: People: 0
[13:14:08] INFO: No target -> STOP
[13:14:08] INFO: People: 0
[13:14:08] INFO: No target -> STOP
[13:14:09] INFO: People: 0
[13:14:09] INFO: No target -> STOP
[13:14:09] INFO: People: 0
[13:14:09] INFO: No target -> STOP
[13:14:10] INFO: People: 0
[13:14:10] INFO: No target -> STOP
[13:14:10] INFO: People: 0
[13:14:10] INFO: No target -> STOP
[13:14:11] INFO: People: 0
[13:14:11] INFO: No target -> STOP
[13:14:12] INFO: People: 0
[13:14:12] INFO: No target -> STOP
[13:14:12] INFO: People: 0
[13:14:12] INFO: No target -> STOP
[13:14:13] INFO: People: 0
[13:14:13] INFO: No target -> STOP
[13:14:13] INFO: People: 0
[13:14:13] INFO: No target -> STOP
[13:14:14] INFO: People: 0
[13:14:14] INFO: No target -> STOP
[13:14:15] INFO: People: 0
[13:14:15] INFO: No target -> STOP
[13:14:15] INFO: People: 0
[13:14:15] INFO: No target -> STOP
[13:14:16] INFO: People: 0
[13:14:16] INFO: No target -> STOP
[13:14:17] INFO: People: 0
[13:14:17] INFO: No target -> STOP
[13:14:17] INFO: People: 0
[13:14:17] INFO: No target -> STOP
[13:14:18] INFO: People: 0
[13:14:18] INFO: No target -> STOP
[13:14:18] INFO: People: 0
[13:14:18] INFO: No target -> STOP
[13:14:19] INFO: People: 0
[13:14:19] INFO: No target -> STOP
[13:14:20] INFO: People: 0
[13:14:20] INFO: No target -> STOP
[13:14:20] INFO: People: 0
[13:14:20] INFO: No target -> STOP
[13:14:21] INFO: People: 0
[13:14:21] INFO: No target -> STOP
[13:14:21] INFO: People: 0
[13:14:21] INFO: No target -> STOP
[13:14:22] INFO: People: 0
[13:14:22] INFO: No target -> STOP
[13:14:23] INFO: People: 0
[13:14:23] INFO: No target -> STOP
[13:14:23] INFO: People: 0
[13:14:23] INFO: No target -> STOP
[13:14:24] INFO: People: 0
[13:14:24] INFO: No target -> STOP
[13:14:24] INFO: People: 0
[13:14:24] INFO: No target -> STOP
[13:14:25] INFO: People: 0
[13:14:25] INFO: No target -> STOP
[13:14:25] INFO: People: 0
[13:14:25] INFO: No target -> STOP
[13:14:28] INFO: People: 0
[13:14:28] INFO: No target -> STOP
[13:14:42] INFO: People: 0
[13:14:42] INFO: No target -> STOP
[13:14:58] INFO: People: 1
[13:14:58] INFO: Target detected -> MOVE
[13:15:19] INFO: 0.81 0,0,254,468
[13:15:20] INFO: People: 0
[13:15:20] INFO: No target -> STOP
[13:15:30] INFO: People: 0
[13:15:30] INFO: No target -> STOP
[13:15:47] INFO: People: 0
[13:15:47] INFO: No target -> STOP
[13:16:01] INFO: People: 0
[13:16:01] INFO: No target -> STOP
[13:16:19] INFO: People: 0
[13:16:19] INFO: No target -> STOP
[13:16:31] INFO: People: 0
[13:16:31] INFO: No target -> STOP
[13:16:34] INFO: People: 0
[13:16:34] INFO: No target -> STOP
[13:16:49] INFO: People: 0
[13:16:49] INFO: No target -> STOP
[13:16:58] INFO: People: 0
[13:16:58] INFO: No target -> STOP
[13:17:22] INFO: People: 1
[13:17:22] INFO: Target detected -> MOVE
[13:17:43] INFO: 0.68 602,140,36,136
[13:17:43] INFO: People: 1
[13:17:43] INFO: Target detected -> MOVE
[13:18:07] INFO: 0.61 13,0,537,467
[13:18:08] INFO: People: 0
[13:18:08] INFO: No target -> STOP
[13:18:23] INFO: People: 0
[13:18:23] INFO: No target -> STOP
[13:18:31] INFO: People: 0
[13:18:31] INFO: No target -> STOP
[13:18:45] INFO: People: 0
[13:18:45] INFO: No target -> STOP
[13:19:00] INFO: People: 0
[13:19:00] INFO: No target -> STOP
[13:19:04] INFO: People: 0
[13:19:04] INFO: No target -> STOP
[13:19:15] INFO: People: 0
[13:19:15] INFO: No target -> STOP
[13:19:16] INFO: People: 0
[13:19:16] INFO: No target -> STOP
[13:19:38] INFO: People: 0
[13:19:38] INFO: No target -> STOP
[13:19:39] INFO: People: 0
[13:19:39] INFO: No target -> STOP
[13:19:51] INFO: People: 2
[13:19:51] INFO: Target detected -> MOVE
[13:20:03] INFO: 0.50 272,0,366,464
[13:20:03] INFO: 0.47 0,3,194,470
[13:20:03] INFO: People: 0
[13:20:03] INFO: No target -> STOP
[13:20:15] INFO: People: 1
[13:20:15] INFO: Target detected -> MOVE
[13:20:39] INFO: 0.62 277,1,361,469
[13:20:40] INFO: People: 0
[13:20:40] INFO: No target -> STOP
[13:20:42] INFO: People: 0
[13:20:42] INFO: No target -> STOP
[13:20:58] INFO: People: 0
[13:20:58] INFO: No target -> STOP
[13:21:13] INFO: People: 0
[13:21:14] INFO: No target -> STOP
[13:21:17] INFO: People: 0
[13:21:17] INFO: No target -> STOP
[13:21:30] INFO: People: 0
[13:21:30] INFO: No target -> STOP
[13:21:46] INFO: People: 0
[13:21:46] INFO: No target -> STOP
[13:22:08] INFO: People: 0
[13:22:08] INFO: No target -> STOP
[13:22:15] INFO: People: 1
[13:22:15] INFO: Target detected -> MOVE
[13:22:40] INFO: 0.67 0,0,235,473
[13:22:41] INFO: People: 0
[13:22:41] INFO: No target -> STOP
[13:22:47] INFO: People: 0
[13:22:47] INFO: No target -> STOP
[13:22:53] INFO: People: 0
[13:22:53] INFO: No target -> STOP
[13:22:59] INFO: People: 0
[13:22:59] INFO: No target -> STOP
[13:23:00] INFO: People: 0
[13:23:00] INFO: No target -> STOP
[13:23:03] INFO: People: 0
[13:23:03] INFO: No target -> STOP
[13:23:04] INFO: People: 0
[13:23:04] INFO: No target -> STOP
[13:23:16] INFO: People: 0
[13:23:16] INFO: No target -> STOP
[13:23:21] INFO: People: 0
[13:23:21] INFO: No target -> STOP
[13:23:28] INFO: People: 0
[13:23:28] INFO: No target -> STOP
[13:23:29] INFO: People: 0
[13:23:29] INFO: No target -> STOP
[13:23:40] INFO: People: 0
[13:23:40] INFO: No target -> STOP
[13:23:55] INFO: People: 2
[13:23:55] INFO: Target detected -> MOVE
[13:24:11] INFO: 0.90 189,3,421,472
[13:24:11] INFO: 0.73 487,4,151,457
[13:24:11] INFO: People: 0
[13:24:11] INFO: No target -> STOP
[13:24:26] INFO: People: 2
[13:24:26] INFO: Target detected -> MOVE
[13:24:28] INFO: 0.67 93,2,516,467
[13:24:28] INFO: 0.58 27,4,460,468
[13:24:29] INFO: People: 1
[13:24:29] INFO: Target detected -> MOVE
[13:24:45] INFO: 0.83 227,58,386,411
[13:24:45] INFO: People: 0
[13:24:45] INFO: No target -> STOP
[13:24:50] INFO: People: 0
[13:24:50] INFO: No target -> STOP
[13:25:12] INFO: People: 0
[13:25:12] INFO: No target -> STOP
[13:25:17] INFO: People: 0
[13:25:17] INFO: No target -> STOP
[13:25:41] INFO: People: 0
[13:25:41] INFO: No target -> STOP
[13:26:01] INFO: People: 1
[13:26:01] INFO: Target detected -> MOVE
[13:26:07] INFO: 0.72 292,76,346,396
[13:26:07] INFO: People: 1
[13:26:07] INFO: Target detected -> MOVE
[13:26:14] INFO: 0.55 343,2,295,470
[13:26:15] INFO: People: 0
[13:26:15] INFO: No target -> STOP
[13:26:19] INFO: People: 0
[13:26:19] INFO: No target -> STOP
[13:26:45] INFO: People: 0
[13:26:45] INFO: No target -> STOP
[13:27:09] INFO: People: 0
[13:27:09] INFO: No target -> STOP
[13:27:27] INFO: People: 0
[13:27:27] INFO: No target -> STOP
[13:27:49] INFO: People: 0
[13:27:49] INFO: No target -> STOP
[13:28:12] INFO: People: 0
[13:28:12] INFO: No target -> STOP
[13:28:34] INFO: People: 0
[13:28:34] INFO: No target -> STOP
[13:28:59] INFO: People: 0
[13:28:59] INFO: No target -> STOP
[13:29:13] INFO: People: 0
[13:29:13] INFO: No target -> STOP
[13:29:19] INFO: People: 0
[13:29:19] INFO: No target -> STOP
[13:29:27] INFO: People: 0
[13:29:27] INFO: No target -> STOP
[13:29:33] INFO: People: 0
[13:29:33] INFO: No target -> STOP
[13:29:39] INFO: People: 0
[13:29:39] INFO: No target -> STOP
[13:29:55] INFO: People: 0
[13:29:55] INFO: No target -> STOP
[13:30:07] INFO: People: 0
[13:30:07] INFO: No target -> STOP
[13:30:16] INFO: People: 0
[13:30:16] INFO: No target -> STOP
[13:30:38] INFO: People: 0
[13:30:38] INFO: No target -> STOP
[13:30:54] INFO: People: 0
[13:30:54] INFO: No target -> STOP
[13:31:04] INFO: People: 0
[13:31:04] INFO: No target -> STOP
[13:31:27] INFO: People: 0
[13:31:27] INFO: No target -> STOP
[13:31:28] INFO: People: 0
[13:31:28] INFO: No target -> STOP
[13:31:48] INFO: People: 0
[13:31:48] INFO: No target -> STOP
[13:31:56] INFO: People: 0
[13:31:56] INFO: No target -> STOP
[13:32:12] INFO: People: 0
[13:32:12] INFO: No target -> STOP
[13:32:13] INFO: People: 0
[13:32:13] INFO: No target -> STOP
[13:32:14] INFO: People: 0
[13:32:14] INFO: No target -> STOP
[13:32:30] INFO: People: 0
[13:32:30] INFO: No target -> STOP
[13:32:40] INFO: People: 0
[13:32:40] INFO: No target -> STOP
[13:33:03] INFO: People: 0
[13:33:03] INFO: No target -> STOP
[13:33:04] INFO: People: 0
[13:33:04] INFO: No target -> STOP
[13:33:24] INFO: People: 0
[13:33:24] INFO: No target -> STOP
[13:33:32] INFO: People: 0
[13:33:32] INFO: No target -> STOP
[13:33:48] INFO: People: 0
[13:33:48] INFO: No target -> STOP
[13:33:51] INFO: People: 0
[13:33:51] INFO: No target -> STOP
[13:33:57] INFO: People: 0
[13:33:57] INFO: No target -> STOP
[13:34:15] INFO: People: 0
[13:34:15] INFO: No target -> STOP
[13:34:16] INFO: People: 0
[13:34:16] INFO: No target -> STOP
[13:34:31] INFO: People: 0
[13:34:31] INFO: No target -> STOP
[13:34:39] INFO: People: 0
[13:34:39] INFO: No target -> STOP
[13:34:50] INFO: People: 0
[13:34:50] INFO: No target -> STOP
[13:34:56] INFO: People: 0
[13:34:56] INFO: No target -> STOP
[13:35:16] INFO: People: 0
[13:35:16] INFO: No target -> STOP
[13:35:29] INFO: People: 0
[13:35:29] INFO: No target -> STOP
[13:35:42] INFO: People: 0
[13:35:42] INFO: No target -> STOP
[13:36:02] INFO: People: 0
[13:36:02] INFO: No target -> STOP
[13:36:06] INFO: People: 0
[13:36:06] INFO: No target -> STOP
[13:36:23] INFO: People: 0
[13:36:23] INFO: No target -> STOP
[13:36:35] INFO: People: 0
[13:36:35] INFO: No target -> STOP
[13:36:47] INFO: People: 0
[13:36:47] INFO: No target -> STOP
[13:36:51] INFO: People: 0
[13:36:51] INFO: No target -> STOP
[13:37:15] INFO: People: 0
[13:37:15] INFO: No target -> STOP
[13:37:38] INFO: People: 0
[13:37:38] INFO: No target -> STOP
[13:38:01] INFO: People: 0
[13:38:01] INFO: No target -> STOP
[13:38:09] INFO: People: 0
[13:38:09] INFO: No target -> STOP
[13:38:13] INFO: People: 0
[13:38:13] INFO: No target -> STOP
[13:38:32] INFO: People: 0
[13:38:32] INFO: No target -> STOP
[13:38:58] INFO: People: 0
[13:38:58] INFO: No target -> STOP
[13:39:17] INFO: People: 0
[13:39:17] INFO: No target -> STOP
[13:39:19] INFO: People: 0
[13:39:19] INFO: No target -> STOP
[13:39:22] INFO: People: 0
[13:39:22] INFO: No target -> STOP
[13:39:24] INFO: People: 0
[13:39:24] INFO: No target -> STOP
[13:39:29] INFO: People: 0
[13:39:29] INFO: No target -> STOP
[13:39:43] INFO: People: 0
[13:39:43] INFO: No target -> STOP
[13:39:44] INFO: People: 0
[13:39:44] INFO: No target -> STOP
[13:39:57] INFO: People: 0
[13:39:57] INFO: No target -> STOP
[13:40:19] INFO: People: 0
[13:40:19] INFO: No target -> STOP
[13:40:37] INFO: People: 0
[13:40:37] INFO: No target -> STOP
[13:41:02] INFO: People: 0
[13:41:02] INFO: No target -> STOP
[13:41:10] INFO: People: 0
[13:41:10] INFO: No target -> STOP
[13:41:28] INFO: People: 0
[13:41:28] INFO: No target -> STOP
[13:41:43] INFO: People: 0
[13:41:43] INFO: No target -> STOP
[13:41:54] INFO: People: 0
[13:41:54] INFO: No target -> STOP
[13:42:17] INFO: People: 0
[13:42:17] INFO: No target -> STOP
[13:42:18] INFO: People: 0
[13:42:18] INFO: No target -> STOP
[13:42:38] INFO: People: 0
[13:42:38] INFO: No target -> STOP
[13:42:46] INFO: People: 0
[13:42:46] INFO: No target -> STOP
[13:42:59] INFO: People: 0
[13:42:59] INFO: No target -> STOP
[13:43:17] INFO: People: 0
[13:43:17] INFO: No target -> STOP
[13:43:35] INFO: People: 0
[13:43:35] INFO: No target -> STOP
[13:43:57] INFO: People: 0
[13:43:57] INFO: No target -> STOP
[13:44:17] INFO: People: 0
[13:44:17] INFO: No target -> STOP
[13:44:30] INFO: People: 0
[13:44:30] INFO: No target -> STOP
[13:44:43] INFO: People: 0
[13:44:43] INFO: No target -> STOP
[13:45:03] INFO: People: 0
[13:45:03] INFO: No target -> STOP
[13:45:10] INFO: People: 0
[13:45:10] INFO: No target -> STOP
[13:45:13] INFO: People: 0
[13:45:13] INFO: No target -> STOP
[13:45:17] INFO: People: 0
[13:45:17] INFO: No target -> STOP
[13:45:34] INFO: People: 0
[13:45:34] INFO: No target -> STOP
[13:45:45] INFO: People: 0
[13:45:45] INFO: No target -> STOP
[13:45:58] INFO: People: 0
[13:45:58] INFO: No target -> STOP
[13:46:04] INFO: People: 0
[13:46:04] INFO: No target -> STOP
[13:46:14] INFO: People: 0
[13:46:14] INFO: No target -> STOP
[13:46:17] INFO: People: 0
[13:46:17] INFO: No target -> STOP
[13:46:35] INFO: People: 0
[13:46:35] INFO: No target -> STOP
[13:46:46] INFO: YOLO detector initialized.
[13:46:46] INFO: Target tracker initialized.
[13:46:47] INFO: People: 0
[13:46:47] INFO: No target -> STOP
[13:46:59] INFO: People: 0
[13:46:59] INFO: No target -> STOP
[13:47:10] INFO: People: 0
[13:47:10] INFO: No target -> STOP
[13:47:15] INFO: People: 0
[13:47:15] INFO: No target -> STOP
[13:47:37] INFO: YOLO detector initialized.
[13:47:37] INFO: Target tracker initialized.
[13:47:38] INFO: Camera started (640x480)
[13:47:38] INFO: Smart Cart visual tracker started.
[13:47:38] INFO: No Arduino/motor control is active.
[13:47:39] INFO: First 5 raw detections:
[13:47:39] INFO: [1.1581772e+01 4.0886365e+02 2.1589575e+02 5.5588470e+02 3.5812899e-01
 2.8000000e+01]
[13:47:39] INFO: [0. 0. 0. 0. 0. 0.]
[13:47:39] INFO: [0. 0. 0. 0. 0. 0.]
[13:47:39] INFO: [0. 0. 0. 0. 0. 0.]
[13:47:39] INFO: [0. 0. 0. 0. 0. 0.]
[13:47:39] INFO: SEARCHING: no person detected.
[13:47:39] INFO: State=SEARCHING FPS=1.0
[13:47:39] INFO: SEARCHING: no person detected.
[13:47:40] INFO: SEARCHING: no person detected.
[13:47:40] INFO: State=SEARCHING FPS=1.5
[13:47:40] INFO: SEARCHING: no person detected.
[13:47:41] INFO: SEARCHING: no person detected.
[13:47:41] INFO: State=SEARCHING FPS=1.7
[13:47:42] INFO: SEARCHING: no person detected.
[13:47:42] INFO: SEARCHING: no person detected.
[13:47:42] INFO: State=SEARCHING FPS=1.7
[13:47:43] INFO: SEARCHING: no person detected.
[13:47:43] INFO: SEARCHING: no person detected.
[13:47:43] INFO: State=SEARCHING FPS=1.7
[13:47:44] INFO: SEARCHING: no person detected.
[13:47:45] INFO: SEARCHING: no person detected.
[13:47:45] INFO: State=SEARCHING FPS=1.7
[13:47:45] INFO: SEARCHING: no person detected.
[13:47:46] INFO: SEARCHING: no person detected.
[13:47:46] INFO: State=SEARCHING FPS=1.7
[13:47:46] INFO: SEARCHING: no person detected.
[13:47:47] INFO: SEARCHING: no person detected.
[13:47:47] INFO: State=SEARCHING FPS=1.7
[13:47:48] INFO: SEARCHING: no person detected.
[13:47:48] INFO: SEARCHING: no person detected.
[13:47:48] INFO: State=SEARCHING FPS=1.7
[13:47:49] INFO: SEARCHING: no person detected.
[13:47:49] INFO: SEARCHING: no person detected.
[13:47:49] INFO: State=SEARCHING FPS=1.7
[13:47:50] INFO: TARGET LOCKED confidence=0.50 bbox=(0, 0, 377, 473)
[13:47:50] INFO: State=TRACKING FPS=1.9
[13:47:52] INFO: State=TRACKING FPS=1.7
[13:47:52] INFO: Tracker miss (1/12)
[13:47:53] INFO: TARGET LOCKED confidence=0.81 bbox=(18, 1, 514, 476)
[13:47:54] INFO: TARGET LOCKED confidence=0.84 bbox=(10, 1, 520, 475)
[13:47:54] INFO: State=TRACKING FPS=0.9
[13:47:55] INFO: State=TRACKING FPS=2.4
[13:47:57] INFO: TARGET LOCKED confidence=0.80 bbox=(12, 1, 507, 472)
[13:47:57] INFO: State=TRACKING FPS=1.3
[13:47:58] INFO: State=TRACKING FPS=1.9
[13:47:59] INFO: State=TRACKING FPS=1.4
[13:48:00] INFO: State=TRACKING FPS=0.8
[13:48:01] INFO: Tracker miss (1/12)
[13:48:01] INFO: TARGET LOCKED confidence=0.48 bbox=(98, 1, 538, 470)
[13:48:01] INFO: State=TRACKING FPS=1.0
[13:48:04] INFO: State=TRACKING FPS=1.0
[13:48:05] INFO: State=TRACKING FPS=0.7
[13:48:07] INFO: TARGET LOCKED confidence=0.63 bbox=(186, 0, 345, 472)
[13:48:07] INFO: State=TRACKING FPS=0.5
[13:48:08] INFO: State=TRACKING FPS=2.5
[13:48:10] INFO: TARGET LOCKED confidence=0.78 bbox=(62, 57, 345, 418)
[13:48:10] INFO: State=TRACKING FPS=1.2
[13:48:11] INFO: State=TRACKING FPS=3.0
[13:48:12] INFO: State=TRACKING FPS=1.5
[13:48:13] INFO: State=TRACKING FPS=2.7
[13:48:15] INFO: Tracker miss (1/12)
[13:48:15] INFO: TARGET LOCKED confidence=0.84 bbox=(217, 3, 420, 468)
[13:48:15] INFO: State=TRACKING FPS=1.1
[13:48:16] INFO: State=TRACKING FPS=3.0
[13:48:17] INFO: TARGET LOCKED confidence=0.57 bbox=(177, 53, 446, 423)
[13:48:17] INFO: State=TRACKING FPS=1.0
[13:48:19] INFO: State=TRACKING FPS=1.5
[13:48:20] INFO: State=TRACKING FPS=1.1
[13:48:22] INFO: State=TRACKING FPS=0.7
[13:48:22] INFO: Tracker miss (1/12)
[13:48:23] INFO: TARGET LOCKED confidence=0.57 bbox=(105, 4, 533, 472)
[13:48:23] INFO: State=TRACKING FPS=0.9
[13:48:24] INFO: Tracker miss (1/12)
[13:48:25] INFO: State=SEARCHING FPS=1.4
[13:48:25] INFO: Tracker miss (2/12)
[13:48:26] INFO: TARGET LOCKED confidence=0.58 bbox=(15, 1, 620, 470)
[13:48:26] INFO: State=TRACKING FPS=0.9
[13:48:27] INFO: TARGET LOCKED confidence=0.84 bbox=(4, 0, 539, 476)
[13:48:27] INFO: State=TRACKING FPS=1.0
[13:48:28] INFO: State=TRACKING FPS=1.9
[13:48:30] INFO: TARGET LOCKED confidence=0.83 bbox=(173, 2, 308, 472)
[13:48:30] INFO: State=TRACKING FPS=1.1
[13:48:31] INFO: State=TRACKING FPS=3.0
[13:48:32] INFO: TARGET LOCKED confidence=0.90 bbox=(202, 12, 276, 462)
[13:48:33] INFO: State=TRACKING FPS=1.8
[13:48:34] INFO: TARGET LOCKED confidence=0.53 bbox=(201, 0, 313, 474)
[13:48:34] INFO: State=TRACKING FPS=2.2
[13:48:37] INFO: State=TRACKING FPS=0.9
[13:48:38] INFO: State=TRACKING FPS=0.7
[13:48:40] INFO: State=TRACKING FPS=0.7
[13:48:42] INFO: TARGET LOCKED confidence=0.81 bbox=(222, 65, 295, 398)
[13:48:42] INFO: State=TRACKING FPS=0.5
[13:48:43] INFO: State=TRACKING FPS=1.9
[13:48:44] INFO: Tracker miss (1/12)
[13:48:45] INFO: TARGET LOCKED confidence=0.63 bbox=(18, 3, 556, 475)
[13:48:45] INFO: State=TRACKING FPS=1.3
[13:48:46] INFO: State=TRACKING FPS=1.4
[13:48:48] INFO: Tracker miss (1/12)
[13:48:48] INFO: State=SEARCHING FPS=1.0
[13:48:49] INFO: Tracker miss (2/12)
[13:48:49] INFO: State=SEARCHING FPS=1.0
[13:48:50] INFO: Tracker miss (3/12)
[13:48:50] INFO: State=SEARCHING FPS=1.0
[13:48:51] INFO: Tracker miss (4/12)
[13:48:52] INFO: State=SEARCHING FPS=1.0
[13:48:52] INFO: Tracker miss (5/12)
[13:48:53] INFO: State=SEARCHING FPS=1.0
[13:48:53] INFO: Tracker miss (6/12)
[13:48:54] INFO: State=SEARCHING FPS=1.0
[13:48:54] INFO: Keyboard interrupt.
[13:48:54] INFO: Camera stopped
[13:48:54] INFO: Visual tracker stopped.
[13:50:40] INFO: YOLO detector initialized.
[13:50:40] INFO: Target tracker initialized.
[13:50:41] INFO: Camera started (640x480)
[13:50:41] INFO: Smart Cart visual tracker started.
[13:50:41] INFO: No Arduino/motor control is active.
[13:50:42] INFO: First 5 raw detections:
[13:50:42] INFO: [  2.1823883  83.4355    409.79504   555.14874     0.6627358   0.       ]
[13:50:42] INFO: [0. 0. 0. 0. 0. 0.]
[13:50:42] INFO: [0. 0. 0. 0. 0. 0.]
[13:50:42] INFO: [0. 0. 0. 0. 0. 0.]
[13:50:42] INFO: [0. 0. 0. 0. 0. 0.]
[13:50:42] INFO: TARGET LOCKED confidence=0.66 bbox=(2, 3, 407, 471)
[13:50:42] INFO: State=TRACKING FPS=0.9
[13:50:43] INFO: State=TRACKING FPS=1.4
[13:50:45] INFO: TARGET LOCKED confidence=0.71 bbox=(100, 2, 407, 469)
[13:50:45] INFO: State=TRACKING FPS=0.8
[13:50:46] INFO: State=TRACKING FPS=1.9
[13:50:48] INFO: State=TRACKING FPS=1.4
[13:50:49] INFO: TARGET LOCKED confidence=0.69 bbox=(83, 2, 421, 473)
[13:50:49] INFO: State=TRACKING FPS=0.7
[13:50:50] INFO: State=TRACKING FPS=0.8
[13:50:53] INFO: State=TRACKING FPS=0.4
[13:50:55] INFO: State=TRACKING FPS=0.4
[13:50:58] INFO: State=TRACKING FPS=0.4
[13:51:01] INFO: TARGET LOCKED confidence=0.79 bbox=(275, 0, 260, 473)
[13:51:01] INFO: State=TRACKING FPS=0.3
[13:51:02] INFO: State=TRACKING FPS=3.8
[13:51:03] INFO: TARGET LOCKED confidence=0.84 bbox=(281, 0, 249, 471)
[13:51:03] INFO: State=TRACKING FPS=1.6
[13:51:04] INFO: State=TRACKING FPS=1.5
[13:51:05] INFO: Tracker miss (1/12)
[13:51:06] INFO: TARGET LOCKED confidence=0.78 bbox=(323, 0, 315, 465)
[13:51:06] INFO: State=TRACKING FPS=1.3
[13:51:07] INFO: State=TRACKING FPS=3.3
[13:51:09] INFO: State=TRACKING FPS=1.6
[13:51:10] INFO: State=TRACKING FPS=3.0
[13:51:10] INFO: Tracker miss (1/12)
[13:51:10] INFO: TARGET LOCKED confidence=0.69 bbox=(99, 2, 513, 470)
[13:51:11] INFO: State=TRACKING FPS=1.7
[13:51:12] INFO: State=TRACKING FPS=1.5
[13:51:14] INFO: State=TRACKING FPS=1.0
[13:51:15] INFO: State=TRACKING FPS=1.5
[13:51:17] INFO: State=TRACKING FPS=1.5
[13:51:18] INFO: State=TRACKING FPS=0.8
[13:51:19] INFO: State=TRACKING FPS=1.5
[13:51:21] INFO: State=TRACKING FPS=1.5
[13:51:22] INFO: State=TRACKING FPS=0.8
[13:51:23] INFO: State=TRACKING FPS=1.5
[13:51:25] INFO: State=TRACKING FPS=1.5
[13:51:26] INFO: State=TRACKING FPS=0.8
[13:51:27] INFO: State=TRACKING FPS=1.5
[13:51:28] INFO: State=TRACKING FPS=1.5
[13:51:30] INFO: State=TRACKING FPS=0.8
[13:51:31] INFO: State=TRACKING FPS=1.5
[13:51:32] INFO: State=TRACKING FPS=1.5
[13:51:34] INFO: State=TRACKING FPS=0.8
[13:51:35] INFO: State=TRACKING FPS=1.5
[13:51:36] INFO: State=TRACKING FPS=1.5
[13:51:38] INFO: State=TRACKING FPS=0.8
[13:51:39] INFO: State=TRACKING FPS=1.5
[13:51:40] INFO: State=TRACKING FPS=1.5
[13:51:42] INFO: State=TRACKING FPS=0.8
[13:51:43] INFO: State=TRACKING FPS=1.5
[13:51:44] INFO: State=TRACKING FPS=1.5
[13:51:45] INFO: Tracker miss (1/12)
[13:51:46] INFO: State=TRACKING FPS=1.3
[13:51:47] INFO: State=TRACKING FPS=1.5
[13:51:48] INFO: Tracker miss (1/12)
[13:51:49] INFO: State=TRACKING FPS=0.9
[13:51:51] INFO: State=TRACKING FPS=1.5
[13:51:52] INFO: State=TRACKING FPS=1.5
[13:51:53] INFO: State=TRACKING FPS=0.8
[13:51:55] INFO: State=TRACKING FPS=1.5
[13:51:56] INFO: State=TRACKING FPS=1.5
[13:51:57] INFO: State=TRACKING FPS=0.8
[13:51:59] INFO: State=TRACKING FPS=1.5
[13:52:00] INFO: State=TRACKING FPS=1.5
[13:52:01] INFO: State=TRACKING FPS=0.8
[13:52:03] INFO: State=TRACKING FPS=1.5
[13:52:04] INFO: State=TRACKING FPS=1.5
[13:52:05] INFO: State=TRACKING FPS=0.8
[13:52:06] INFO: State=TRACKING FPS=1.5
[13:52:08] INFO: State=TRACKING FPS=1.5
[13:52:09] INFO: TARGET LOCKED confidence=0.67 bbox=(5, 0, 489, 473)
[13:52:09] INFO: State=TRACKING FPS=0.7
[13:52:11] INFO: State=TRACKING FPS=0.9
[13:52:13] INFO: State=TRACKING FPS=0.7
[13:52:14] INFO: State=TRACKING FPS=0.7
[13:52:16] INFO: TARGET LOCKED confidence=0.71 bbox=(0, 0, 496, 473)
[13:52:16] INFO: State=TRACKING FPS=0.5
[13:52:18] INFO: State=TRACKING FPS=2.0
[13:52:18] INFO: Tracker miss (1/12)
[13:52:19] INFO: TARGET LOCKED confidence=0.74 bbox=(126, 1, 439, 472)
[13:52:19] INFO: State=TRACKING FPS=1.0
[13:52:21] INFO: TARGET LOCKED confidence=0.77 bbox=(234, 0, 338, 475)
[13:52:21] INFO: State=TRACKING FPS=0.5
[13:52:21] INFO: Tracker miss (1/12)
[13:52:22] INFO: State=SEARCHING FPS=2.3
[13:52:22] INFO: Tracker miss (2/12)
[13:52:23] INFO: TARGET LOCKED confidence=0.84 bbox=(277, 3, 295, 470)
[13:52:24] INFO: TARGET LOCKED confidence=0.74 bbox=(193, 0, 384, 475)
[13:52:24] INFO: State=TRACKING FPS=1.2
[13:52:25] INFO: State=TRACKING FPS=3.3
[13:52:26] INFO: TARGET LOCKED confidence=0.75 bbox=(115, 1, 516, 473)
[13:52:26] INFO: State=TRACKING FPS=1.5
[13:52:27] INFO: State=TRACKING FPS=1.5
[13:52:29] INFO: TARGET LOCKED confidence=0.76 bbox=(1, 0, 470, 473)
[13:52:29] INFO: State=TRACKING FPS=1.0
[13:52:31] INFO: State=TRACKING FPS=1.9
[13:52:33] INFO: TARGET LOCKED confidence=0.78 bbox=(0, 0, 273, 476)
[13:52:33] INFO: State=TRACKING FPS=1.1
[13:52:34] INFO: State=TRACKING FPS=3.5
[13:52:35] INFO: TARGET LOCKED confidence=0.52 bbox=(345, 3, 293, 470)
[13:52:36] INFO: State=TRACKING FPS=1.2
[13:52:37] INFO: State=TRACKING FPS=0.8
[13:52:38] INFO: State=TRACKING FPS=0.8
[13:52:39] INFO: State=TRACKING FPS=0.8
[13:52:41] INFO: State=TRACKING FPS=0.5
[13:52:42] INFO: State=TRACKING FPS=0.8
[13:52:44] INFO: State=TRACKING FPS=0.8
[13:52:45] INFO: State=TRACKING FPS=0.8
[13:52:46] INFO: State=TRACKING FPS=0.8
[13:52:48] INFO: State=TRACKING FPS=0.5
[13:52:49] INFO: State=TRACKING FPS=0.8
[13:52:51] INFO: State=TRACKING FPS=0.8
[13:52:52] INFO: State=TRACKING FPS=0.8
[13:52:53] INFO: State=TRACKING FPS=0.8
[13:52:55] INFO: TARGET LOCKED confidence=0.75 bbox=(24, 0, 467, 472)
[13:52:55] INFO: State=TRACKING FPS=0.5
[13:52:57] INFO: State=TRACKING FPS=0.7
[13:53:00] INFO: State=TRACKING FPS=0.3
[13:53:02] INFO: Keyboard interrupt.
[13:53:03] INFO: Camera stopped
[13:53:03] INFO: Visual tracker stopped.
